{"stats":{"minecraft:killed":{"minecraft:chicken":1,"minecraft:cow":1},"minecraft:picked_up":{"biomesoplenty:lavender":6,"minecraft:scaffolding":2,"minecraft:feather":1,"minecraft:beehive":1,"minecraft:chicken":1,"minecraft:wheat":30,"minecraft:lilac":14,"minecraft:leather":1,"minecraft:wooden_pickaxe":1,"minecraft:oak_log":23,"minecraft:dirt":24,"minecraft:lantern":1,"soul_like_armors_reworked:estusflask":2,"minecraft:rotten_flesh":1,"minecraft:peony":58,"minecraft:wheat_seeds":95,"minecraft:rabbit_hide":1,"minecraft:hay_block":1,"minecraft:beef":3,"minecraft:rose_bush":29,"minecraft:poppy":1,"minecraft:rabbit":1,"minecraft:oak_sapling":1,"minecraft:coal":11,"minecraft:cobblestone":6,"minecraft:sunflower":1},"minecraft:crafted":{"minecraft:oak_planks":88,"minecraft:wooden_shovel":1,"minecraft:wooden_hoe":1,"minecraft:stick":8,"minecraft:cooked_chicken":1,"minecraft:wooden_axe":1,"minecraft:cooked_rabbit":1,"minecraft:bread":6},"minecraft:mined":{"minecraft:hay_block":2,"minecraft:farmland":1,"minecraft:beehive":1,"minecraft:wheat":23,"minecraft:lilac":6,"biomesoplenty:lavender":10,"minecraft:powder_snow":1,"minecraft:peony":26,"gravestone:gravestone":5,"minecraft:grass":25,"biomesoplenty:bush":11,"biomesoplenty:clover":4,"minecraft:coal_ore":11,"minecraft:grass_block":12,"minecraft:oak_log":26,"minecraft:dirt_path":1,"minecraft:rose_bush":14,"minecraft:dirt":11,"biomesoplenty:huge_clover_petal":4,"minecraft:tall_grass":22,"minecraft:stone":6,"minecraft:oak_leaves":1},"minecraft:custom":{"minecraft:time_since_rest":739,"minecraft:sprint_one_cm":439,"minecraft:damage_taken":2130,"minecraft:walk_one_cm":393537,"minecraft:mob_kills":2,"minecraft:drop":1,"minecraft:damage_dealt":506,"minecraft:interact_with_crafting_table":11,"minecraft:fly_one_cm":5057,"minecraft:open_chest":11,"minecraft:play_time":103570,"minecraft:deaths":8,"minecraft:jump":1118,"minecraft:leave_game":3,"minecraft:interact_with_smoker":6,"minecraft:time_since_death":699,"minecraft:walk_on_water_one_cm":2724,"minecraft:sleep_in_bed":4,"minecraft:climb_one_cm":1019,"minecraft:total_world_time":103570,"minecraft:fall_one_cm":20949},"minecraft:dropped":{"minecraft:dirt":1},"minecraft:used":{"minecraft:wooden_hoe":16,"soul_like_armors_reworked:dagger":115,"minecraft:wooden_pickaxe":36,"minecraft:cooked_chicken":1,"minecraft:dirt":10,"minecraft:cobblestone":1,"minecraft:cooked_rabbit":1,"minecraft:wheat_seeds":25},"minecraft:killed_by":{"guardvillagers:guard":1,"minecraft:zombie":6,"spore:knight":1}},"DataVersion":3465}