{"stats":{"minecraft:killed":{"minecraft:cow":1},"minecraft:used":{"soul_like_armors_reworked:dagger":47},"minecraft:picked_up":{"minecraft:beef":3,"soul_like_armors_reworked:estusflask":2,"minecraft:rotten_flesh":1,"minecraft:leather":1,"minecraft:dirt":4},"minecraft:mined":{"minecraft:grass_block":2,"minecraft:dirt":2},"minecraft:custom":{"minecraft:jump":164,"minecraft:time_since_rest":9395,"minecraft:damage_dealt":360,"minecraft:leave_game":2,"minecraft:play_time":9395,"minecraft:damage_taken":20,"minecraft:time_since_death":9395,"minecraft:walk_one_cm":31609,"minecraft:total_world_time":9395,"minecraft:mob_kills":1,"minecraft:fall_one_cm":3625,"minecraft:fly_one_cm":80}},"DataVersion":3465}