{"stats":{"minecraft:used":{"minecraft:oak_fence":4,"minecraft:stone_sword":40,"farmersdelight:cabbage_seeds":18,"minecraft:chest":2,"minecraft:cooked_chicken":1,"minecraft:oak_door":1,"minecraft:torch":24,"minecraft:dirt":63,"minecraft:spruce_stairs":1,"minecraft:carrot":2,"soul_like_armors_reworked:dagger":115,"minecraft:grass_block":1,"biomesoplenty:redwood_wood":1,"minecraft:hay_block":2,"duckling:duck_egg":61,"minecraft:beetroot_seeds":12,"minecraft:potato":13,"farmersdelight:tomato_seeds":27,"minecraft:wheat_seeds":33,"farmersdelight:tomato_crate":1,"minecraft:stone_pickaxe":393,"minecraft:oak_planks":1,"minecraft:wooden_pickaxe":64,"minecraft:sugar_cane":3,"farmersdelight:onion":9,"minecraft:white_bed":2,"minecraft:wooden_hoe":91,"minecraft:bread":8,"minecraft:oak_pressure_plate":4,"minecraft:cobblestone":2,"minecraft:cooked_rabbit":1,"minecraft:bone_meal":2},"minecraft:killed_by":{"minecraft:creeper":1,"spore:knight":1,"spore:inquisitor":1,"minecraft:skeleton":1,"minecraft:zombie":6,"guardvillagers:guard":1},"minecraft:broken":{"minecraft:wooden_pickaxe":1,"minecraft:stone_pickaxe":3,"minecraft:wooden_hoe":1},"minecraft:picked_up":{"minecraft:wheat":75,"minecraft:azure_bluet":1,"minecraft:chicken":1,"iceandfire:armor_copper_metal_chestplate":1,"minecraft:wooden_pickaxe":1,"gravestone:obituary":8,"minecraft:raw_copper":22,"shieldexp:wooden_shield":1,"minecraft:beetroot":4,"farmersdelight:cabbage":7,"minecraft:beef":6,"minecraft:rose_bush":29,"soul_like_armors_reworked:dagger":1,"minecraft:poppy":1,"biomesoplenty:redwood_wood":1,"minecraft:sugar_cane":3,"minecraft:chest":2,"farmersdelight:cabbage_seeds":19,"minecraft:beehive":1,"minecraft:stick":1,"farmersdelight:rotten_tomato":1,"iceandfire:armor_copper_metal_leggings":1,"minecraft:oak_fence":5,"minecraft:torch":34,"minecraft:spruce_stairs":1,"farmersdelight:tomato_seeds":20,"iceandfire:armor_copper_metal_boots":1,"minecraft:carrot":39,"minecraft:brown_carpet":2,"soul_like_armors_reworked:estusflask":2,"biomesoplenty:redwood_planks":64,"minecraft:rotten_flesh":3,"minecraft:beetroot_seeds":14,"minecraft:peony":58,"farmersdelight:onion":3,"minecraft:hay_block":7,"minecraft:cobblestone":633,"minecraft:oxeye_daisy":1,"biomesoplenty:lavender":6,"minecraft:feather":1,"minecraft:lilac":14,"minecraft:leather":2,"minecraft:potato":2,"minecraft:oak_log":26,"iceandfire:armor_copper_metal_helmet":1,"farmersdelight:tomato":29,"minecraft:dirt":80,"minecraft:lantern":1,"minecraft:bone":1,"minecraft:wheat_seeds":294,"minecraft:rabbit_hide":2,"minecraft:stone_pickaxe":3,"minecraft:tall_grass":1,"minecraft:rabbit":1,"minecraft:stone_hoe":1,"duckling:duck_egg":65,"minecraft:scaffolding":3,"minecraft:oak_pressure_plate":3,"minecraft:gravel":2,"minecraft:white_bed":2,"minecraft:grass_block":2,"soul_like_armors_reworked:rustysteelmace":2,"minecraft:grass":2,"minecraft:spruce_sign":2,"minecraft:bread":17,"minecraft:oak_sapling":1,"minecraft:coal":41,"iceandfire:raw_silver":2,"minecraft:sunflower":1},"minecraft:crafted":{"minecraft:oak_door":2,"minecraft:oak_planks":98,"minecraft:oak_pressure_plate":2,"minecraft:cooked_chicken":1,"minecraft:bone_meal":6,"farmersdelight:tomato_crate":1,"minecraft:cooked_rabbit":1,"minecraft:wooden_shovel":1,"minecraft:bread":10,"minecraft:wooden_hoe":1,"minecraft:stick":8,"minecraft:wooden_axe":1,"minecraft:stone_sword":1},"minecraft:killed":{"naturalist:snail":1,"minecraft:skeleton":2,"minecraft:chicken":1,"duckling:duck":1,"minecraft:zombie":2,"minecraft:cow":2},"minecraft:custom":{"minecraft:interact_with_smithing_table":2,"minecraft:mob_kills":10,"minecraft:animals_bred":5,"minecraft:interact_with_crafting_table":30,"minecraft:leave_game":6,"minecraft:time_since_death":3009,"minecraft:climb_one_cm":2027,"minecraft:sprint_one_cm":108299,"minecraft:walk_one_cm":1127816,"minecraft:drop":26,"minecraft:talked_to_villager":2,"minecraft:play_time":287535,"minecraft:deaths":11,"minecraft:sneak_time":1128,"minecraft:walk_under_water_one_cm":11605,"minecraft:jump":2639,"minecraft:walk_on_water_one_cm":106806,"minecraft:total_world_time":287535,"minecraft:sleep_in_bed":18,"minecraft:time_since_rest":3082,"minecraft:damage_taken":3661,"minecraft:damage_dealt":1359,"minecraft:swim_one_cm":331,"minecraft:fly_one_cm":48822,"minecraft:open_chest":48,"minecraft:crouch_one_cm":2443,"minecraft:interact_with_smoker":6,"minecraft:fall_one_cm":45906},"minecraft:dropped":{"soul_like_armors_reworked:rustysteelmace":1,"minecraft:cobblestone":230,"minecraft:leather":1,"minecraft:stick":1,"minecraft:dirt":1,"minecraft:grass":1,"gravestone:obituary":9,"duckling:duck_egg":2,"minecraft:gravel":1,"minecraft:wheat":72,"minecraft:rabbit_hide":1,"minecraft:beetroot_seeds":5,"minecraft:oak_sapling":2},"minecraft:mined":{"farmersdelight:onions":3,"minecraft:white_bed":2,"minecraft:farmland":1,"iceandfire:silver_ore":2,"gravestone:gravestone":7,"biomesoplenty:bush":11,"minecraft:grass_block":37,"minecraft:oak_pressure_plate":3,"farmersdelight:tomatoes":13,"minecraft:red_mushroom":1,"minecraft:hay_block":8,"minecraft:carrots":11,"spore:blomfung":1,"biomesoplenty:lavender":10,"minecraft:azure_bluet":2,"minecraft:peony":26,"minecraft:dirt_path":1,"minecraft:stone":391,"minecraft:scaffolding":1,"minecraft:brown_carpet":1,"minecraft:powder_snow":1,"minecraft:oak_fence":3,"minecraft:torch":1,"diagonalfences:minecraft/oak_fence":1,"minecraft:poppy":2,"minecraft:chest":2,"minecraft:rose_bush":14,"farmersdelight:cabbages":8,"minecraft:tall_grass":27,"minecraft:copper_ore":4,"biomesoplenty:huge_clover_petal":21,"minecraft:sugar_cane":1,"minecraft:wall_torch":1,"minecraft:spruce_stairs":1,"minecraft:beehive":1,"farmersdelight:cutting_board":1,"minecraft:wheat":26,"minecraft:lilac":6,"minecraft:grass":51,"biomesoplenty:clover":46,"minecraft:oak_log":29,"minecraft:coal_ore":41,"minecraft:beetroots":3,"minecraft:dirt":26,"biomesoplenty:redwood_wood":1,"minecraft:oak_leaves":1}},"DataVersion":3465}