{"stats":{"minecraft:used":{"minecraft:oak_fence":1,"minecraft:wheat_seeds":33,"minecraft:stone_sword":40,"minecraft:stone_pickaxe":393,"farmersdelight:cabbage_seeds":18,"minecraft:chest":2,"minecraft:wooden_pickaxe":64,"minecraft:sugar_cane":3,"minecraft:cooked_chicken":1,"minecraft:oak_door":1,"minecraft:torch":24,"minecraft:dirt":38,"minecraft:white_bed":2,"minecraft:wooden_hoe":83,"soul_like_armors_reworked:dagger":115,"minecraft:grass_block":1,"biomesoplenty:redwood_wood":1,"minecraft:bread":4,"minecraft:oak_pressure_plate":4,"minecraft:cobblestone":2,"minecraft:hay_block":2,"duckling:duck_egg":8,"minecraft:beetroot_seeds":12,"minecraft:cooked_rabbit":1,"farmersdelight:tomato_seeds":22},"minecraft:killed_by":{"minecraft:skeleton":1,"minecraft:zombie":6,"spore:knight":1,"guardvillagers:guard":1},"minecraft:picked_up":{"biomesoplenty:lavender":6,"minecraft:wheat":66,"minecraft:feather":1,"minecraft:lilac":14,"minecraft:chicken":1,"minecraft:leather":1,"minecraft:wooden_pickaxe":1,"minecraft:oak_log":26,"gravestone:obituary":8,"farmersdelight:tomato":13,"minecraft:dirt":55,"minecraft:raw_copper":22,"minecraft:lantern":1,"minecraft:bone":1,"minecraft:beetroot":3,"minecraft:wheat_seeds":165,"minecraft:tall_grass":1,"farmersdelight:cabbage":6,"minecraft:rabbit_hide":2,"minecraft:stone_pickaxe":3,"minecraft:beef":6,"soul_like_armors_reworked:dagger":1,"minecraft:rose_bush":29,"minecraft:poppy":1,"minecraft:rabbit":1,"biomesoplenty:redwood_wood":1,"minecraft:sugar_cane":3,"minecraft:chest":2,"minecraft:stone_hoe":1,"duckling:duck_egg":10,"farmersdelight:cabbage_seeds":19,"minecraft:scaffolding":2,"minecraft:beehive":1,"minecraft:oak_fence":1,"minecraft:oak_pressure_plate":2,"minecraft:torch":34,"minecraft:gravel":1,"farmersdelight:tomato_seeds":11,"minecraft:grass_block":2,"minecraft:white_bed":2,"soul_like_armors_reworked:rustysteelmace":1,"soul_like_armors_reworked:estusflask":2,"biomesoplenty:redwood_planks":64,"minecraft:rotten_flesh":3,"minecraft:beetroot_seeds":14,"minecraft:peony":58,"minecraft:hay_block":7,"minecraft:grass":2,"minecraft:bread":17,"minecraft:oak_sapling":1,"minecraft:coal":41,"iceandfire:raw_silver":2,"minecraft:cobblestone":531,"minecraft:sunflower":1},"minecraft:broken":{"minecraft:stone_pickaxe":3,"minecraft:wooden_pickaxe":1},"minecraft:crafted":{"minecraft:oak_door":2,"minecraft:oak_planks":98,"minecraft:wooden_shovel":1,"minecraft:oak_pressure_plate":2,"minecraft:cooked_chicken":1,"minecraft:bone_meal":6,"minecraft:bread":6,"minecraft:wooden_hoe":1,"minecraft:stick":8,"minecraft:wooden_axe":1,"minecraft:stone_sword":1,"minecraft:cooked_rabbit":1},"minecraft:killed":{"naturalist:snail":1,"minecraft:skeleton":1,"minecraft:zombie":2,"minecraft:chicken":1,"minecraft:cow":2},"minecraft:custom":{"minecraft:interact_with_smithing_table":2,"minecraft:mob_kills":8,"minecraft:interact_with_crafting_table":26,"minecraft:leave_game":5,"minecraft:time_since_death":66159,"minecraft:sleep_in_bed":12,"minecraft:climb_one_cm":2027,"minecraft:time_since_rest":10745,"minecraft:sprint_one_cm":70327,"minecraft:damage_taken":2750,"minecraft:walk_one_cm":861857,"minecraft:drop":17,"minecraft:damage_dealt":1193,"minecraft:talked_to_villager":2,"minecraft:fly_one_cm":33013,"minecraft:open_chest":41,"minecraft:crouch_one_cm":2102,"minecraft:play_time":213864,"minecraft:deaths":9,"minecraft:sneak_time":924,"minecraft:walk_under_water_one_cm":3093,"minecraft:jump":2094,"minecraft:walk_on_water_one_cm":21044,"minecraft:interact_with_smoker":6,"minecraft:total_world_time":213864,"minecraft:fall_one_cm":36181},"minecraft:dropped":{"minecraft:gravel":1,"minecraft:wheat":72,"minecraft:cobblestone":128,"minecraft:rabbit_hide":1,"minecraft:dirt":1,"minecraft:grass":1,"minecraft:beetroot_seeds":5,"minecraft:oak_sapling":2,"gravestone:obituary":7},"minecraft:mined":{"minecraft:white_bed":2,"iceandfire:silver_ore":2,"minecraft:farmland":1,"minecraft:powder_snow":1,"minecraft:oak_fence":2,"minecraft:torch":1,"gravestone:gravestone":6,"biomesoplenty:bush":11,"minecraft:grass_block":18,"minecraft:poppy":2,"minecraft:chest":2,"minecraft:rose_bush":14,"minecraft:oak_pressure_plate":2,"minecraft:copper_ore":4,"farmersdelight:cabbages":8,"minecraft:tall_grass":27,"farmersdelight:tomatoes":8,"minecraft:sugar_cane":1,"biomesoplenty:huge_clover_petal":18,"minecraft:red_mushroom":1,"minecraft:wall_torch":1,"minecraft:hay_block":8,"minecraft:beehive":1,"minecraft:wheat":24,"minecraft:lilac":6,"biomesoplenty:lavender":10,"minecraft:peony":26,"minecraft:grass":50,"biomesoplenty:clover":38,"minecraft:oak_log":29,"minecraft:coal_ore":41,"minecraft:beetroots":3,"minecraft:dirt_path":1,"minecraft:dirt":25,"minecraft:stone":391,"biomesoplenty:redwood_wood":1,"minecraft:oak_leaves":1}},"DataVersion":3465}