{"stats":{"minecraft:killed":{"minecraft:cow":1},"minecraft:picked_up":{"soul_like_armors_reworked:estusflask":2,"minecraft:lilac":9,"minecraft:rotten_flesh":1,"minecraft:leather":1,"minecraft:peony":14,"minecraft:beef":3,"minecraft:rose_bush":1,"minecraft:poppy":1,"minecraft:oak_sapling":1,"minecraft:dirt":6,"minecraft:sunflower":1},"minecraft:mined":{"minecraft:grass":3,"biomesoplenty:bush":1,"minecraft:grass_block":4,"minecraft:rose_bush":1,"minecraft:dirt":2,"minecraft:tall_grass":1,"minecraft:lilac":5},"minecraft:custom":{"minecraft:time_since_rest":5403,"minecraft:damage_taken":570,"minecraft:play_time":19570,"minecraft:walk_one_cm":75128,"minecraft:deaths":2,"minecraft:mob_kills":1,"minecraft:jump":428,"minecraft:damage_dealt":380,"minecraft:leave_game":3,"minecraft:time_since_death":4745,"minecraft:total_world_time":19570,"minecraft:climb_one_cm":343,"minecraft:fall_one_cm":6738,"minecraft:fly_one_cm":1093},"minecraft:used":{"soul_like_armors_reworked:dagger":47,"minecraft:dirt":1},"minecraft:killed_by":{"guardvillagers:guard":1,"minecraft:zombie":1}},"DataVersion":3465}