{"stats":{"minecraft:killed":{"minecraft:cow":1},"minecraft:picked_up":{"biomesoplenty:lavender":6,"minecraft:scaffolding":2,"minecraft:beehive":1,"minecraft:wheat":1,"minecraft:lilac":14,"minecraft:leather":1,"minecraft:wooden_pickaxe":1,"minecraft:oak_log":23,"minecraft:dirt":20,"minecraft:lantern":1,"soul_like_armors_reworked:estusflask":2,"minecraft:rotten_flesh":1,"minecraft:peony":58,"minecraft:wheat_seeds":13,"minecraft:rabbit_hide":1,"minecraft:hay_block":1,"minecraft:beef":3,"minecraft:rose_bush":29,"minecraft:poppy":1,"minecraft:rabbit":1,"minecraft:oak_sapling":1,"minecraft:coal":11,"minecraft:cobblestone":6,"minecraft:sunflower":1},"minecraft:crafted":{"minecraft:oak_planks":88,"minecraft:wooden_shovel":1,"minecraft:stick":4,"minecraft:wooden_axe":1},"minecraft:mined":{"minecraft:hay_block":2,"minecraft:beehive":1,"minecraft:lilac":6,"biomesoplenty:lavender":10,"minecraft:peony":26,"gravestone:gravestone":1,"minecraft:grass":21,"biomesoplenty:bush":2,"minecraft:coal_ore":11,"minecraft:grass_block":10,"minecraft:oak_log":26,"minecraft:dirt_path":1,"minecraft:rose_bush":14,"minecraft:dirt":10,"minecraft:tall_grass":22,"minecraft:stone":6,"minecraft:oak_leaves":1},"minecraft:custom":{"minecraft:time_since_rest":3441,"minecraft:sprint_one_cm":272,"minecraft:damage_taken":680,"minecraft:walk_one_cm":205471,"minecraft:mob_kills":1,"minecraft:drop":1,"minecraft:damage_dealt":426,"minecraft:interact_with_crafting_table":7,"minecraft:fly_one_cm":1945,"minecraft:open_chest":5,"minecraft:play_time":67570,"minecraft:deaths":2,"minecraft:jump":880,"minecraft:leave_game":3,"minecraft:time_since_death":52745,"minecraft:walk_on_water_one_cm":979,"minecraft:sleep_in_bed":2,"minecraft:climb_one_cm":1019,"minecraft:total_world_time":67570,"minecraft:fall_one_cm":16583},"minecraft:dropped":{"minecraft:dirt":1},"minecraft:used":{"soul_like_armors_reworked:dagger":115,"minecraft:wooden_pickaxe":18,"minecraft:dirt":9},"minecraft:killed_by":{"guardvillagers:guard":1,"minecraft:zombie":1}},"DataVersion":3465}