{"stats":{"minecraft:used":{"minecraft:wheat_seeds":25,"minecraft:stone_sword":40,"farmersdelight:cabbage_seeds":9,"minecraft:wooden_pickaxe":37,"minecraft:cooked_chicken":1,"minecraft:torch":2,"minecraft:dirt":10,"minecraft:wooden_hoe":53,"soul_like_armors_reworked:dagger":115,"minecraft:bread":4,"minecraft:cobblestone":1,"minecraft:beetroot_seeds":3,"minecraft:cooked_rabbit":1,"farmersdelight:tomato_seeds":9},"minecraft:killed_by":{"minecraft:skeleton":1,"minecraft:zombie":6,"spore:knight":1,"guardvillagers:guard":1},"minecraft:picked_up":{"biomesoplenty:lavender":6,"minecraft:wheat":66,"minecraft:feather":1,"minecraft:lilac":14,"minecraft:chicken":1,"minecraft:leather":1,"minecraft:wooden_pickaxe":1,"minecraft:oak_log":23,"gravestone:obituary":3,"farmersdelight:tomato":4,"minecraft:dirt":39,"minecraft:lantern":1,"minecraft:bone":1,"minecraft:wheat_seeds":97,"farmersdelight:cabbage":4,"minecraft:rabbit_hide":1,"minecraft:beef":3,"minecraft:rose_bush":29,"minecraft:poppy":1,"minecraft:rabbit":1,"biomesoplenty:redwood_wood":1,"farmersdelight:cabbage_seeds":10,"minecraft:scaffolding":2,"minecraft:beehive":1,"minecraft:torch":32,"farmersdelight:tomato_seeds":3,"soul_like_armors_reworked:estusflask":2,"minecraft:rotten_flesh":3,"minecraft:peony":58,"minecraft:hay_block":1,"minecraft:bread":17,"minecraft:oak_sapling":1,"minecraft:coal":11,"minecraft:cobblestone":6,"minecraft:sunflower":1},"minecraft:crafted":{"minecraft:oak_planks":88,"minecraft:wooden_shovel":1,"minecraft:cooked_chicken":1,"minecraft:bread":6,"minecraft:wooden_hoe":1,"minecraft:stick":8,"minecraft:wooden_axe":1,"minecraft:stone_sword":1,"minecraft:cooked_rabbit":1},"minecraft:killed":{"naturalist:snail":1,"minecraft:skeleton":1,"minecraft:zombie":2,"minecraft:chicken":1,"minecraft:cow":1},"minecraft:custom":{"minecraft:mob_kills":7,"minecraft:interact_with_crafting_table":16,"minecraft:leave_game":4,"minecraft:time_since_death":6704,"minecraft:sleep_in_bed":8,"minecraft:climb_one_cm":1019,"minecraft:time_since_rest":4388,"minecraft:sprint_one_cm":50492,"minecraft:damage_taken":2690,"minecraft:walk_one_cm":653239,"minecraft:drop":4,"minecraft:damage_dealt":1113,"minecraft:talked_to_villager":2,"minecraft:fly_one_cm":27735,"minecraft:open_chest":29,"minecraft:crouch_one_cm":394,"minecraft:play_time":154409,"minecraft:deaths":9,"minecraft:sneak_time":52,"minecraft:jump":1629,"minecraft:walk_on_water_one_cm":3403,"minecraft:interact_with_smoker":6,"minecraft:total_world_time":154409,"minecraft:fall_one_cm":30958},"minecraft:dropped":{"minecraft:wheat":72,"minecraft:dirt":1,"minecraft:beetroot_seeds":5},"minecraft:mined":{"minecraft:farmland":1,"minecraft:powder_snow":1,"gravestone:gravestone":6,"biomesoplenty:bush":11,"minecraft:grass_block":15,"minecraft:rose_bush":14,"farmersdelight:cabbages":5,"minecraft:tall_grass":22,"farmersdelight:tomatoes":3,"biomesoplenty:huge_clover_petal":6,"minecraft:red_mushroom":1,"minecraft:hay_block":2,"minecraft:beehive":1,"minecraft:wheat":23,"minecraft:lilac":6,"biomesoplenty:lavender":10,"minecraft:peony":26,"minecraft:grass":30,"biomesoplenty:clover":20,"minecraft:oak_log":26,"minecraft:coal_ore":11,"minecraft:dirt_path":1,"minecraft:dirt":12,"minecraft:stone":7,"biomesoplenty:redwood_wood":1,"minecraft:oak_leaves":1}},"DataVersion":3465}