{"stats":{"minecraft:killed":{"minecraft:cow":1},"minecraft:picked_up":{"minecraft:scaffolding":2,"minecraft:wheat":1,"soul_like_armors_reworked:estusflask":2,"minecraft:lilac":9,"minecraft:rotten_flesh":1,"minecraft:leather":1,"minecraft:wheat_seeds":3,"minecraft:peony":14,"minecraft:beef":3,"minecraft:rose_bush":1,"minecraft:poppy":1,"minecraft:oak_sapling":1,"minecraft:dirt":6,"biomesoplenty:lavender":4,"minecraft:sunflower":1},"minecraft:mined":{"gravestone:gravestone":1,"minecraft:grass":10,"biomesoplenty:bush":1,"minecraft:grass_block":4,"minecraft:rose_bush":2,"minecraft:dirt":2,"biomesoplenty:lavender":8,"minecraft:tall_grass":6,"minecraft:lilac":5,"minecraft:oak_leaves":1},"minecraft:custom":{"minecraft:time_since_rest":17403,"minecraft:sprint_one_cm":176,"minecraft:damage_taken":570,"minecraft:play_time":31570,"minecraft:walk_one_cm":92837,"minecraft:deaths":2,"minecraft:mob_kills":1,"minecraft:jump":489,"minecraft:damage_dealt":390,"minecraft:leave_game":3,"minecraft:time_since_death":16745,"minecraft:total_world_time":31570,"minecraft:climb_one_cm":343,"minecraft:fall_one_cm":7843,"minecraft:fly_one_cm":1229},"minecraft:used":{"soul_like_armors_reworked:dagger":47,"minecraft:dirt":1},"minecraft:killed_by":{"guardvillagers:guard":1,"minecraft:zombie":1}},"DataVersion":3465}