{"stats":{"minecraft:killed":{"minecraft:cow":1},"minecraft:picked_up":{"biomesoplenty:lavender":6,"minecraft:scaffolding":2,"minecraft:beehive":1,"minecraft:wheat":1,"minecraft:lilac":14,"minecraft:leather":1,"minecraft:oak_log":17,"minecraft:dirt":18,"minecraft:lantern":1,"soul_like_armors_reworked:estusflask":2,"minecraft:rotten_flesh":1,"minecraft:peony":40,"minecraft:wheat_seeds":7,"minecraft:beef":3,"minecraft:rose_bush":29,"minecraft:poppy":1,"minecraft:oak_sapling":1,"minecraft:sunflower":1},"minecraft:mined":{"minecraft:beehive":1,"minecraft:lilac":6,"biomesoplenty:lavender":10,"minecraft:peony":25,"gravestone:gravestone":1,"minecraft:grass":20,"biomesoplenty:bush":2,"minecraft:grass_block":9,"minecraft:oak_log":19,"minecraft:rose_bush":14,"minecraft:dirt":9,"minecraft:tall_grass":21,"minecraft:oak_leaves":1},"minecraft:crafted":{"minecraft:oak_planks":16},"minecraft:custom":{"minecraft:time_since_rest":4167,"minecraft:sprint_one_cm":272,"minecraft:damage_taken":630,"minecraft:walk_one_cm":152287,"minecraft:mob_kills":1,"minecraft:drop":1,"minecraft:damage_dealt":426,"minecraft:interact_with_crafting_table":2,"minecraft:fly_one_cm":1446,"minecraft:open_chest":3,"minecraft:play_time":55570,"minecraft:deaths":2,"minecraft:jump":722,"minecraft:leave_game":3,"minecraft:time_since_death":40745,"minecraft:walk_on_water_one_cm":979,"minecraft:sleep_in_bed":1,"minecraft:climb_one_cm":605,"minecraft:total_world_time":55570,"minecraft:fall_one_cm":13021},"minecraft:dropped":{"minecraft:dirt":1},"minecraft:used":{"soul_like_armors_reworked:dagger":101,"minecraft:dirt":9},"minecraft:killed_by":{"guardvillagers:guard":1,"minecraft:zombie":1}},"DataVersion":3465}