{"stats":{"minecraft:used":{"minecraft:wheat_seeds":25,"farmersdelight:cabbage_seeds":9,"minecraft:wooden_pickaxe":36,"minecraft:cooked_chicken":1,"minecraft:torch":1,"minecraft:dirt":10,"minecraft:wooden_hoe":53,"soul_like_armors_reworked:dagger":115,"minecraft:cobblestone":1,"minecraft:beetroot_seeds":3,"minecraft:cooked_rabbit":1,"farmersdelight:tomato_seeds":8},"minecraft:killed_by":{"minecraft:zombie":6,"spore:knight":1,"guardvillagers:guard":1},"minecraft:picked_up":{"biomesoplenty:lavender":6,"minecraft:wheat":66,"minecraft:feather":1,"minecraft:lilac":14,"minecraft:chicken":1,"minecraft:leather":1,"minecraft:wooden_pickaxe":1,"minecraft:oak_log":23,"farmersdelight:tomato":3,"minecraft:dirt":26,"minecraft:lantern":1,"minecraft:wheat_seeds":95,"farmersdelight:cabbage":4,"minecraft:rabbit_hide":1,"minecraft:beef":3,"minecraft:rose_bush":29,"minecraft:poppy":1,"minecraft:rabbit":1,"biomesoplenty:redwood_wood":1,"farmersdelight:cabbage_seeds":10,"minecraft:scaffolding":2,"minecraft:beehive":1,"minecraft:torch":32,"farmersdelight:tomato_seeds":2,"soul_like_armors_reworked:estusflask":2,"minecraft:rotten_flesh":1,"minecraft:peony":58,"minecraft:hay_block":1,"minecraft:bread":17,"minecraft:oak_sapling":1,"minecraft:coal":11,"minecraft:cobblestone":6,"minecraft:sunflower":1},"minecraft:crafted":{"minecraft:oak_planks":88,"minecraft:wooden_shovel":1,"minecraft:cooked_chicken":1,"minecraft:bread":6,"minecraft:wooden_hoe":1,"minecraft:stick":8,"minecraft:wooden_axe":1,"minecraft:cooked_rabbit":1},"minecraft:killed":{"naturalist:snail":1,"minecraft:chicken":1,"minecraft:cow":1},"minecraft:custom":{"minecraft:mob_kills":3,"minecraft:interact_with_crafting_table":14,"minecraft:leave_game":4,"minecraft:time_since_death":39538,"minecraft:sleep_in_bed":7,"minecraft:climb_one_cm":1019,"minecraft:time_since_rest":7389,"minecraft:sprint_one_cm":19644,"minecraft:damage_taken":2340,"minecraft:walk_one_cm":603365,"minecraft:drop":4,"minecraft:damage_dealt":627,"minecraft:talked_to_villager":2,"minecraft:fly_one_cm":25175,"minecraft:open_chest":24,"minecraft:crouch_one_cm":394,"minecraft:play_time":142409,"minecraft:deaths":8,"minecraft:sneak_time":52,"minecraft:jump":1524,"minecraft:walk_on_water_one_cm":3308,"minecraft:interact_with_smoker":6,"minecraft:total_world_time":142409,"minecraft:fall_one_cm":29096},"minecraft:dropped":{"minecraft:wheat":72,"minecraft:dirt":1,"minecraft:beetroot_seeds":5},"minecraft:mined":{"minecraft:farmland":1,"minecraft:powder_snow":1,"gravestone:gravestone":5,"biomesoplenty:bush":11,"minecraft:grass_block":14,"minecraft:rose_bush":14,"farmersdelight:cabbages":5,"minecraft:tall_grass":22,"farmersdelight:tomatoes":2,"biomesoplenty:huge_clover_petal":6,"minecraft:red_mushroom":1,"minecraft:hay_block":2,"minecraft:beehive":1,"minecraft:wheat":23,"minecraft:lilac":6,"biomesoplenty:lavender":10,"minecraft:peony":26,"minecraft:grass":30,"biomesoplenty:clover":20,"minecraft:oak_log":26,"minecraft:coal_ore":11,"minecraft:dirt_path":1,"minecraft:dirt":11,"minecraft:stone":6,"biomesoplenty:redwood_wood":1,"minecraft:oak_leaves":1}},"DataVersion":3465}