{"stats":{"minecraft:used":{"minecraft:wheat_seeds":25,"minecraft:stone_sword":40,"minecraft:stone_pickaxe":393,"farmersdelight:cabbage_seeds":9,"minecraft:wooden_pickaxe":64,"minecraft:cooked_chicken":1,"minecraft:torch":24,"minecraft:dirt":20,"minecraft:white_bed":2,"minecraft:wooden_hoe":53,"soul_like_armors_reworked:dagger":115,"minecraft:bread":4,"minecraft:cobblestone":1,"minecraft:beetroot_seeds":3,"minecraft:cooked_rabbit":1,"farmersdelight:tomato_seeds":9},"minecraft:killed_by":{"minecraft:skeleton":1,"minecraft:zombie":6,"spore:knight":1,"guardvillagers:guard":1},"minecraft:picked_up":{"biomesoplenty:lavender":6,"minecraft:wheat":66,"minecraft:feather":1,"minecraft:lilac":14,"minecraft:chicken":1,"minecraft:leather":1,"minecraft:wooden_pickaxe":1,"minecraft:oak_log":23,"gravestone:obituary":3,"farmersdelight:tomato":5,"minecraft:dirt":40,"minecraft:raw_copper":17,"minecraft:lantern":1,"minecraft:bone":1,"minecraft:wheat_seeds":97,"farmersdelight:cabbage":4,"minecraft:rabbit_hide":1,"minecraft:stone_pickaxe":3,"minecraft:beef":3,"minecraft:rose_bush":29,"minecraft:poppy":1,"minecraft:rabbit":1,"biomesoplenty:redwood_wood":1,"farmersdelight:cabbage_seeds":10,"minecraft:scaffolding":2,"minecraft:beehive":1,"minecraft:torch":34,"minecraft:gravel":1,"farmersdelight:tomato_seeds":4,"minecraft:white_bed":2,"soul_like_armors_reworked:estusflask":2,"minecraft:rotten_flesh":3,"minecraft:peony":58,"minecraft:hay_block":1,"minecraft:bread":17,"minecraft:oak_sapling":1,"minecraft:coal":41,"iceandfire:raw_silver":2,"minecraft:cobblestone":374,"minecraft:sunflower":1},"minecraft:broken":{"minecraft:stone_pickaxe":3,"minecraft:wooden_pickaxe":1},"minecraft:crafted":{"minecraft:oak_planks":88,"minecraft:wooden_shovel":1,"minecraft:cooked_chicken":1,"minecraft:bread":6,"minecraft:wooden_hoe":1,"minecraft:stick":8,"minecraft:wooden_axe":1,"minecraft:stone_sword":1,"minecraft:cooked_rabbit":1},"minecraft:killed":{"naturalist:snail":1,"minecraft:skeleton":1,"minecraft:zombie":2,"minecraft:chicken":1,"minecraft:cow":1},"minecraft:custom":{"minecraft:mob_kills":7,"minecraft:interact_with_crafting_table":17,"minecraft:leave_game":4,"minecraft:time_since_death":30704,"minecraft:sleep_in_bed":10,"minecraft:climb_one_cm":1019,"minecraft:time_since_rest":2268,"minecraft:sprint_one_cm":69640,"minecraft:damage_taken":2690,"minecraft:walk_one_cm":713594,"minecraft:drop":4,"minecraft:damage_dealt":1113,"minecraft:talked_to_villager":2,"minecraft:fly_one_cm":32066,"minecraft:open_chest":29,"minecraft:crouch_one_cm":394,"minecraft:play_time":178409,"minecraft:deaths":9,"minecraft:sneak_time":52,"minecraft:jump":1840,"minecraft:walk_on_water_one_cm":3484,"minecraft:interact_with_smoker":6,"minecraft:total_world_time":178409,"minecraft:fall_one_cm":32121},"minecraft:dropped":{"minecraft:wheat":72,"minecraft:dirt":1,"minecraft:beetroot_seeds":5},"minecraft:mined":{"minecraft:white_bed":2,"iceandfire:silver_ore":2,"minecraft:farmland":1,"minecraft:powder_snow":1,"minecraft:torch":1,"gravestone:gravestone":6,"biomesoplenty:bush":11,"minecraft:grass_block":15,"minecraft:rose_bush":14,"minecraft:copper_ore":4,"farmersdelight:cabbages":5,"minecraft:tall_grass":22,"farmersdelight:tomatoes":4,"biomesoplenty:huge_clover_petal":6,"minecraft:red_mushroom":1,"minecraft:wall_torch":1,"minecraft:hay_block":2,"minecraft:beehive":1,"minecraft:wheat":23,"minecraft:lilac":6,"biomesoplenty:lavender":10,"minecraft:peony":26,"minecraft:grass":30,"biomesoplenty:clover":20,"minecraft:oak_log":26,"minecraft:coal_ore":41,"minecraft:dirt_path":1,"minecraft:dirt":13,"minecraft:stone":391,"biomesoplenty:redwood_wood":1,"minecraft:oak_leaves":1}},"DataVersion":3465}