{"stats":{"minecraft:used":{"minecraft:oak_fence":3,"minecraft:stone_sword":40,"farmersdelight:cabbage_seeds":18,"minecraft:chest":2,"minecraft:cooked_chicken":1,"minecraft:oak_door":1,"minecraft:torch":24,"minecraft:dirt":57,"minecraft:carrot":2,"soul_like_armors_reworked:dagger":115,"minecraft:grass_block":1,"biomesoplenty:redwood_wood":1,"minecraft:hay_block":2,"duckling:duck_egg":47,"minecraft:beetroot_seeds":12,"minecraft:potato":13,"farmersdelight:tomato_seeds":27,"minecraft:wheat_seeds":33,"farmersdelight:tomato_crate":1,"minecraft:stone_pickaxe":393,"minecraft:oak_planks":1,"minecraft:wooden_pickaxe":64,"minecraft:sugar_cane":3,"farmersdelight:onion":9,"minecraft:white_bed":2,"minecraft:wooden_hoe":91,"minecraft:bread":8,"minecraft:oak_pressure_plate":4,"minecraft:cobblestone":2,"minecraft:cooked_rabbit":1,"minecraft:bone_meal":2},"minecraft:killed_by":{"spore:knight":1,"minecraft:skeleton":1,"minecraft:zombie":6,"guardvillagers:guard":1},"minecraft:broken":{"minecraft:wooden_pickaxe":1,"minecraft:stone_pickaxe":3,"minecraft:wooden_hoe":1},"minecraft:picked_up":{"minecraft:wheat":70,"minecraft:azure_bluet":1,"minecraft:chicken":1,"minecraft:wooden_pickaxe":1,"gravestone:obituary":8,"minecraft:raw_copper":22,"minecraft:beetroot":4,"farmersdelight:cabbage":7,"minecraft:beef":6,"minecraft:rose_bush":29,"soul_like_armors_reworked:dagger":1,"minecraft:poppy":1,"biomesoplenty:redwood_wood":1,"minecraft:sugar_cane":3,"minecraft:chest":2,"farmersdelight:cabbage_seeds":19,"minecraft:beehive":1,"minecraft:stick":1,"farmersdelight:rotten_tomato":1,"minecraft:oak_fence":3,"minecraft:torch":34,"farmersdelight:tomato_seeds":18,"minecraft:carrot":39,"soul_like_armors_reworked:estusflask":2,"biomesoplenty:redwood_planks":64,"minecraft:rotten_flesh":3,"minecraft:beetroot_seeds":14,"minecraft:peony":58,"farmersdelight:onion":3,"minecraft:hay_block":7,"minecraft:cobblestone":633,"biomesoplenty:lavender":6,"minecraft:feather":1,"minecraft:lilac":14,"minecraft:leather":2,"minecraft:potato":2,"minecraft:oak_log":26,"farmersdelight:tomato":28,"minecraft:dirt":71,"minecraft:lantern":1,"minecraft:bone":1,"minecraft:wheat_seeds":177,"minecraft:rabbit_hide":2,"minecraft:stone_pickaxe":3,"minecraft:tall_grass":1,"minecraft:rabbit":1,"minecraft:stone_hoe":1,"duckling:duck_egg":47,"minecraft:scaffolding":2,"minecraft:oak_pressure_plate":3,"minecraft:gravel":1,"minecraft:white_bed":2,"minecraft:grass_block":2,"soul_like_armors_reworked:rustysteelmace":2,"minecraft:grass":2,"minecraft:bread":17,"minecraft:oak_sapling":1,"minecraft:coal":41,"iceandfire:raw_silver":2,"minecraft:sunflower":1},"minecraft:crafted":{"minecraft:oak_door":2,"minecraft:oak_planks":98,"minecraft:oak_pressure_plate":2,"minecraft:cooked_chicken":1,"minecraft:bone_meal":6,"farmersdelight:tomato_crate":1,"minecraft:cooked_rabbit":1,"minecraft:wooden_shovel":1,"minecraft:bread":6,"minecraft:wooden_hoe":1,"minecraft:stick":8,"minecraft:wooden_axe":1,"minecraft:stone_sword":1},"minecraft:killed":{"naturalist:snail":1,"minecraft:skeleton":1,"minecraft:chicken":1,"duckling:duck":1,"minecraft:zombie":2,"minecraft:cow":2},"minecraft:custom":{"minecraft:interact_with_smithing_table":2,"minecraft:mob_kills":9,"minecraft:animals_bred":1,"minecraft:interact_with_crafting_table":28,"minecraft:leave_game":6,"minecraft:time_since_death":105788,"minecraft:climb_one_cm":2027,"minecraft:sprint_one_cm":92695,"minecraft:walk_one_cm":999132,"minecraft:drop":23,"minecraft:talked_to_villager":2,"minecraft:play_time":253493,"minecraft:deaths":9,"minecraft:sneak_time":1128,"minecraft:walk_under_water_one_cm":10837,"minecraft:jump":2423,"minecraft:walk_on_water_one_cm":93822,"minecraft:total_world_time":253493,"minecraft:sleep_in_bed":15,"minecraft:time_since_rest":6583,"minecraft:damage_taken":2813,"minecraft:damage_dealt":1239,"minecraft:swim_one_cm":331,"minecraft:fly_one_cm":42490,"minecraft:open_chest":43,"minecraft:crouch_one_cm":2443,"minecraft:interact_with_smoker":6,"minecraft:fall_one_cm":42413},"minecraft:dropped":{"soul_like_armors_reworked:rustysteelmace":1,"minecraft:cobblestone":230,"minecraft:leather":1,"minecraft:stick":1,"minecraft:dirt":1,"minecraft:grass":1,"gravestone:obituary":8,"minecraft:gravel":1,"minecraft:wheat":72,"minecraft:rabbit_hide":1,"minecraft:beetroot_seeds":5,"minecraft:oak_sapling":2},"minecraft:mined":{"farmersdelight:onions":3,"minecraft:white_bed":2,"minecraft:farmland":1,"iceandfire:silver_ore":2,"gravestone:gravestone":6,"biomesoplenty:bush":11,"minecraft:grass_block":36,"minecraft:oak_pressure_plate":3,"farmersdelight:tomatoes":13,"minecraft:red_mushroom":1,"minecraft:hay_block":8,"minecraft:carrots":11,"spore:blomfung":1,"biomesoplenty:lavender":10,"minecraft:peony":26,"minecraft:azure_bluet":2,"minecraft:dirt_path":1,"minecraft:stone":391,"minecraft:powder_snow":1,"minecraft:oak_fence":3,"minecraft:torch":1,"diagonalfences:minecraft/oak_fence":1,"minecraft:poppy":2,"minecraft:chest":2,"minecraft:rose_bush":14,"farmersdelight:cabbages":8,"minecraft:tall_grass":27,"minecraft:copper_ore":4,"biomesoplenty:huge_clover_petal":21,"minecraft:sugar_cane":1,"minecraft:wall_torch":1,"minecraft:beehive":1,"farmersdelight:cutting_board":1,"minecraft:wheat":26,"minecraft:lilac":6,"minecraft:grass":51,"biomesoplenty:clover":46,"minecraft:coal_ore":41,"minecraft:oak_log":29,"minecraft:beetroots":3,"minecraft:dirt":26,"biomesoplenty:redwood_wood":1,"minecraft:oak_leaves":1}},"DataVersion":3465}