{"stats":{"minecraft:used":{"minecraft:wheat_seeds":25,"farmersdelight:cabbage_seeds":5,"minecraft:wooden_pickaxe":36,"minecraft:cooked_chicken":1,"minecraft:dirt":10,"minecraft:wooden_hoe":49,"soul_like_armors_reworked:dagger":115,"minecraft:cobblestone":1,"minecraft:beetroot_seeds":3,"minecraft:cooked_rabbit":1,"farmersdelight:tomato_seeds":3},"minecraft:killed_by":{"minecraft:zombie":6,"spore:knight":1,"guardvillagers:guard":1},"minecraft:picked_up":{"biomesoplenty:lavender":6,"minecraft:wheat":30,"minecraft:feather":1,"minecraft:lilac":14,"minecraft:chicken":1,"minecraft:leather":1,"minecraft:wooden_pickaxe":1,"minecraft:oak_log":23,"minecraft:dirt":26,"minecraft:lantern":1,"minecraft:wheat_seeds":95,"minecraft:rabbit_hide":1,"minecraft:beef":3,"minecraft:rose_bush":29,"minecraft:poppy":1,"minecraft:rabbit":1,"biomesoplenty:redwood_wood":1,"minecraft:scaffolding":2,"minecraft:beehive":1,"soul_like_armors_reworked:estusflask":2,"minecraft:rotten_flesh":1,"minecraft:peony":58,"minecraft:hay_block":1,"minecraft:oak_sapling":1,"minecraft:coal":11,"minecraft:cobblestone":6,"minecraft:sunflower":1},"minecraft:crafted":{"minecraft:oak_planks":88,"minecraft:wooden_shovel":1,"minecraft:cooked_chicken":1,"minecraft:bread":6,"minecraft:wooden_hoe":1,"minecraft:stick":8,"minecraft:wooden_axe":1,"minecraft:cooked_rabbit":1},"minecraft:killed":{"naturalist:snail":1,"minecraft:chicken":1,"minecraft:cow":1},"minecraft:custom":{"minecraft:mob_kills":3,"minecraft:interact_with_crafting_table":13,"minecraft:leave_game":4,"minecraft:time_since_death":27538,"minecraft:sleep_in_bed":6,"minecraft:climb_one_cm":1019,"minecraft:time_since_rest":11085,"minecraft:sprint_one_cm":10126,"minecraft:damage_taken":2300,"minecraft:walk_one_cm":555665,"minecraft:drop":2,"minecraft:damage_dealt":600,"minecraft:talked_to_villager":2,"minecraft:fly_one_cm":23275,"minecraft:open_chest":20,"minecraft:crouch_one_cm":183,"minecraft:play_time":130409,"minecraft:deaths":8,"minecraft:sneak_time":27,"minecraft:jump":1434,"minecraft:walk_on_water_one_cm":2724,"minecraft:interact_with_smoker":6,"minecraft:total_world_time":130409,"minecraft:fall_one_cm":28007},"minecraft:dropped":{"minecraft:dirt":1,"minecraft:beetroot_seeds":5},"minecraft:mined":{"minecraft:farmland":1,"minecraft:powder_snow":1,"gravestone:gravestone":5,"biomesoplenty:bush":11,"minecraft:grass_block":14,"minecraft:rose_bush":14,"minecraft:tall_grass":22,"biomesoplenty:huge_clover_petal":6,"minecraft:red_mushroom":1,"minecraft:hay_block":2,"minecraft:beehive":1,"minecraft:wheat":23,"minecraft:lilac":6,"biomesoplenty:lavender":10,"minecraft:peony":26,"minecraft:grass":30,"biomesoplenty:clover":18,"minecraft:oak_log":26,"minecraft:coal_ore":11,"minecraft:dirt_path":1,"minecraft:dirt":11,"minecraft:stone":6,"biomesoplenty:redwood_wood":1,"minecraft:oak_leaves":1}},"DataVersion":3465}