{"stats":{"minecraft:used":{"minecraft:oak_fence":1,"minecraft:wheat_seeds":33,"minecraft:stone_sword":40,"farmersdelight:tomato_crate":1,"minecraft:stone_pickaxe":393,"farmersdelight:cabbage_seeds":18,"minecraft:chest":2,"minecraft:wooden_pickaxe":64,"minecraft:cooked_chicken":1,"minecraft:sugar_cane":3,"minecraft:oak_door":1,"minecraft:torch":24,"farmersdelight:onion":7,"minecraft:dirt":50,"minecraft:carrot":2,"minecraft:white_bed":2,"minecraft:wooden_hoe":91,"soul_like_armors_reworked:dagger":115,"biomesoplenty:redwood_wood":1,"minecraft:bread":8,"minecraft:grass_block":1,"minecraft:oak_pressure_plate":4,"minecraft:cobblestone":2,"minecraft:hay_block":2,"duckling:duck_egg":11,"minecraft:beetroot_seeds":12,"minecraft:cooked_rabbit":1,"minecraft:potato":13,"farmersdelight:tomato_seeds":27},"minecraft:killed_by":{"minecraft:skeleton":1,"minecraft:zombie":6,"spore:knight":1,"guardvillagers:guard":1},"minecraft:picked_up":{"biomesoplenty:lavender":6,"minecraft:wheat":69,"minecraft:feather":1,"minecraft:lilac":14,"minecraft:chicken":1,"minecraft:leather":2,"minecraft:wooden_pickaxe":1,"minecraft:oak_log":26,"gravestone:obituary":8,"farmersdelight:tomato":28,"minecraft:dirt":65,"minecraft:lantern":1,"minecraft:raw_copper":22,"minecraft:bone":1,"minecraft:beetroot":4,"minecraft:wheat_seeds":174,"farmersdelight:cabbage":6,"minecraft:rabbit_hide":2,"minecraft:beef":6,"minecraft:stone_pickaxe":3,"minecraft:rose_bush":29,"soul_like_armors_reworked:dagger":1,"minecraft:tall_grass":1,"minecraft:poppy":1,"minecraft:rabbit":1,"biomesoplenty:redwood_wood":1,"minecraft:sugar_cane":3,"minecraft:chest":2,"minecraft:stone_hoe":1,"farmersdelight:cabbage_seeds":19,"duckling:duck_egg":11,"minecraft:stick":1,"minecraft:scaffolding":2,"minecraft:beehive":1,"farmersdelight:rotten_tomato":1,"minecraft:oak_fence":2,"minecraft:torch":34,"minecraft:oak_pressure_plate":2,"minecraft:gravel":1,"farmersdelight:tomato_seeds":18,"minecraft:carrot":39,"minecraft:white_bed":2,"minecraft:grass_block":2,"soul_like_armors_reworked:rustysteelmace":2,"soul_like_armors_reworked:estusflask":2,"biomesoplenty:redwood_planks":64,"minecraft:rotten_flesh":3,"minecraft:beetroot_seeds":14,"minecraft:peony":58,"farmersdelight:onion":1,"minecraft:hay_block":7,"minecraft:grass":2,"minecraft:bread":17,"minecraft:oak_sapling":1,"minecraft:coal":41,"iceandfire:raw_silver":2,"minecraft:cobblestone":633,"minecraft:sunflower":1},"minecraft:broken":{"minecraft:stone_pickaxe":3,"minecraft:wooden_hoe":1,"minecraft:wooden_pickaxe":1},"minecraft:crafted":{"minecraft:oak_door":2,"minecraft:oak_planks":98,"minecraft:wooden_shovel":1,"minecraft:oak_pressure_plate":2,"minecraft:cooked_chicken":1,"minecraft:bone_meal":6,"minecraft:bread":6,"minecraft:wooden_hoe":1,"farmersdelight:tomato_crate":1,"minecraft:stick":8,"minecraft:wooden_axe":1,"minecraft:stone_sword":1,"minecraft:cooked_rabbit":1},"minecraft:killed":{"naturalist:snail":1,"minecraft:skeleton":1,"minecraft:zombie":2,"minecraft:chicken":1,"minecraft:cow":2},"minecraft:custom":{"minecraft:interact_with_smithing_table":2,"minecraft:mob_kills":8,"minecraft:interact_with_crafting_table":28,"minecraft:leave_game":5,"minecraft:time_since_death":80389,"minecraft:climb_one_cm":2027,"minecraft:sleep_in_bed":13,"minecraft:time_since_rest":7725,"minecraft:sprint_one_cm":70327,"minecraft:damage_taken":2783,"minecraft:walk_one_cm":914516,"minecraft:drop":23,"minecraft:damage_dealt":1199,"minecraft:talked_to_villager":2,"minecraft:fly_one_cm":33366,"minecraft:open_chest":43,"minecraft:crouch_one_cm":2443,"minecraft:play_time":228094,"minecraft:sneak_time":1128,"minecraft:deaths":9,"minecraft:walk_under_water_one_cm":5043,"minecraft:jump":2194,"minecraft:walk_on_water_one_cm":23485,"minecraft:total_world_time":228094,"minecraft:interact_with_smoker":6,"minecraft:fall_one_cm":37619},"minecraft:dropped":{"minecraft:gravel":1,"soul_like_armors_reworked:rustysteelmace":1,"minecraft:wheat":72,"minecraft:cobblestone":230,"minecraft:leather":1,"minecraft:stick":1,"minecraft:rabbit_hide":1,"minecraft:dirt":1,"minecraft:grass":1,"minecraft:beetroot_seeds":5,"minecraft:oak_sapling":2,"gravestone:obituary":8},"minecraft:mined":{"farmersdelight:onions":1,"minecraft:white_bed":2,"iceandfire:silver_ore":2,"minecraft:farmland":1,"minecraft:powder_snow":1,"minecraft:oak_fence":3,"minecraft:torch":1,"gravestone:gravestone":6,"biomesoplenty:bush":11,"minecraft:grass_block":29,"minecraft:poppy":2,"minecraft:chest":2,"minecraft:rose_bush":14,"minecraft:copper_ore":4,"minecraft:oak_pressure_plate":2,"farmersdelight:cabbages":8,"farmersdelight:tomatoes":13,"minecraft:tall_grass":27,"biomesoplenty:huge_clover_petal":18,"minecraft:sugar_cane":1,"minecraft:red_mushroom":1,"minecraft:wall_torch":1,"minecraft:hay_block":8,"minecraft:carrots":11,"minecraft:beehive":1,"farmersdelight:cutting_board":1,"minecraft:wheat":26,"minecraft:lilac":6,"biomesoplenty:lavender":10,"minecraft:azure_bluet":1,"minecraft:peony":26,"minecraft:grass":50,"biomesoplenty:clover":39,"minecraft:oak_log":29,"minecraft:coal_ore":41,"minecraft:beetroots":3,"minecraft:dirt_path":1,"minecraft:dirt":26,"minecraft:stone":391,"biomesoplenty:redwood_wood":1,"minecraft:oak_leaves":1}},"DataVersion":3465}