{"stats":{"minecraft:used":{"minecraft:oak_fence":71,"minecraft:stone_sword":92,"minecraft:chest":4,"soul_like_armors_reworked:estusflask":1,"minecraft:torch":37,"minecraft:dirt":63,"biomesoplenty:redwood_fence":282,"minecraft:carrot":19,"minecraft:oak_fence_gate":2,"minecraft:wooden_axe":124,"soul_like_armors_reworked:dagger":37,"biomesoplenty:redwood_wood":1,"minecraft:furnace":1,"minecraft:egg":1,"minecraft:wheat_seeds":164,"biomesoplenty:redwood_fence_gate":5,"minecraft:stone_pickaxe":450,"minecraft:wooden_pickaxe":64,"minecraft:crafting_table":8,"minecraft:white_bed":1,"minecraft:bread":17,"minecraft:stone_axe":91,"minecraft:wooden_sword":21,"minecraft:cobblestone":1,"minecraft:white_banner":1},"minecraft:killed_by":{"spore:volatile":1,"minecraft:skeleton":1,"minecraft:zombie":2,"guardvillagers:guard":1},"minecraft:broken":{"minecraft:wooden_pickaxe":1,"minecraft:stone_pickaxe":3,"minecraft:wooden_axe":2},"minecraft:picked_up":{"spore:mutated_heart":1,"minecraft:crafting_table":6,"minecraft:wheat":199,"minecraft:azure_bluet":5,"minecraft:redstone_block":1,"minecraft:chicken":1,"biomesoplenty:stripped_redwood_wood":1,"gravestone:obituary":1,"minecraft:raw_copper":28,"minecraft:beetroot":3,"minecraft:rose_bush":3,"minecraft:poppy":1,"biomesoplenty:redwood_wood":129,"minecraft:furnace":2,"minecraft:egg":1,"minecraft:stick":2,"minecraft:raw_iron":11,"minecraft:oak_fence":5,"minecraft:torch":35,"minecraft:porkchop":2,"minecraft:carrot":103,"soul_like_armors_reworked:estusflask":4,"minecraft:arrow":6,"minecraft:rotten_flesh":18,"minecraft:beetroot_seeds":8,"biomesoplenty:redwood_fence":12,"minecraft:peony":14,"minecraft:hay_block":2,"minecraft:mutton":2,"minecraft:cobblestone":397,"biomesoplenty:lavender":6,"minecraft:birch_log":2,"minecraft:feather":1,"minecraft:potato":33,"minecraft:oak_log":33,"minecraft:dirt":69,"minecraft:lantern":5,"minecraft:white_banner":2,"minecraft:bone":6,"minecraft:wheat_seeds":441,"spore:mutated_fiber":6,"minecraft:book":60,"minecraft:scaffolding":27,"minecraft:gravel":2,"minecraft:blast_furnace":1,"minecraft:white_bed":1,"minecraft:grass_block":1,"soul_like_armors_reworked:rustysteelmace":1,"spore:claw_fragment":2,"minecraft:chainmail_leggings":1,"minecraft:oak_sapling":1,"minecraft:coal":77,"minecraft:sunflower":7},"minecraft:crafted":{"minecraft:wooden_sword":1,"minecraft:oak_planks":136,"minecraft:furnace":1,"minecraft:stone_pickaxe":7,"minecraft:chest":4,"minecraft:stone_hoe":1,"minecraft:oak_fence":66,"minecraft:wheat":18,"minecraft:crafting_table":2,"biomesoplenty:redwood_planks":512,"minecraft:wooden_pickaxe":2,"biomesoplenty:redwood_fence":270,"biomesoplenty:redwood_fence_gate":5,"minecraft:birch_planks":8,"minecraft:stone_axe":1,"minecraft:bread":42,"minecraft:oak_fence_gate":2,"minecraft:stick":302,"minecraft:wooden_axe":2,"minecraft:stone_sword":1,"minecraft:torch":72},"minecraft:killed":{"mca:female_zombie_villager":1,"spore:braiomil":1,"minecraft:skeleton":4,"minecraft:chicken":1,"spore:inf_pillager":1,"minecraft:pillager":1,"minecraft:zombie":12},"minecraft:custom":{"minecraft:interact_with_smithing_table":1,"minecraft:mob_kills":24,"minecraft:animals_bred":1,"minecraft:interact_with_crafting_table":45,"minecraft:bell_ring":1,"minecraft:leave_game":6,"minecraft:time_since_death":42931,"minecraft:climb_one_cm":2474,"minecraft:sprint_one_cm":312954,"minecraft:walk_one_cm":1608334,"minecraft:drop":97,"minecraft:play_time":285752,"minecraft:deaths":5,"minecraft:sneak_time":530,"minecraft:walk_under_water_one_cm":626,"minecraft:jump":2929,"minecraft:walk_on_water_one_cm":8208,"minecraft:total_world_time":285752,"minecraft:interact_with_furnace":2,"minecraft:interact_with_loom":1,"minecraft:sleep_in_bed":20,"minecraft:time_since_rest":1102,"minecraft:damage_taken":2156,"minecraft:damage_dealt":4320,"minecraft:fly_one_cm":282787,"minecraft:open_chest":43,"minecraft:crouch_one_cm":818,"minecraft:fall_one_cm":46123},"minecraft:dropped":{"minecraft:bread":17,"minecraft:wheat_seeds":1,"biomesoplenty:lavender":4,"minecraft:torch":64,"minecraft:rose_bush":1,"gravestone:obituary":5,"minecraft:gravel":2,"minecraft:rotten_flesh":2,"minecraft:stone_pickaxe":3,"minecraft:wooden_pickaxe":1},"minecraft:mined":{"minecraft:white_bed":1,"gravestone:gravestone":4,"biomesoplenty:bush":14,"minecraft:grass_block":8,"minecraft:hay_block":2,"minecraft:furnace":2,"minecraft:carrots":29,"minecraft:iron_ore":11,"biomesoplenty:lavender":1,"minecraft:azure_bluet":6,"minecraft:peony":22,"minecraft:bookshelf":25,"minecraft:potatoes":8,"minecraft:lantern":3,"minecraft:white_banner":1,"minecraft:stone":408,"minecraft:scaffolding":18,"minecraft:redstone_block":1,"diagonalfences:biomesoplenty/redwood_fence":12,"minecraft:powder_snow":11,"minecraft:oak_fence":1,"minecraft:crafting_table":6,"diagonalfences:minecraft/oak_fence":4,"minecraft:blast_furnace":1,"minecraft:rose_bush":1,"minecraft:campfire":1,"minecraft:tall_grass":16,"minecraft:copper_ore":7,"biomesoplenty:huge_clover_petal":12,"minecraft:wall_torch":1,"minecraft:birch_log":2,"minecraft:wheat":164,"minecraft:lilac":2,"minecraft:grass":68,"biomesoplenty:clover":7,"minecraft:coal_ore":78,"minecraft:oak_log":32,"minecraft:beetroots":3,"biomesoplenty:redwood_leaves":2,"minecraft:dirt":29,"minecraft:sunflower":6,"minecraft:gravel":1,"biomesoplenty:stripped_redwood_wood":1,"biomesoplenty:redwood_wood":130,"minecraft:oak_leaves":38,"minecraft:fern":1}},"DataVersion":3465}