{"stats":{"minecraft:used":{"minecraft:oak_fence":71,"minecraft:stone_sword":92,"biomesoplenty:redwood_door":4,"minecraft:flint_and_steel":33,"biomesoplenty:redwood_planks":12,"minecraft:chest":4,"minecraft:shield":7,"minecraft:wooden_shovel":82,"soul_like_armors_reworked:estusflask":1,"minecraft:stone_hoe":24,"minecraft:torch":69,"iceandfire:armor_copper_metal_boots":1,"minecraft:dirt":74,"biomesoplenty:redwood_fence":282,"minecraft:carrot":55,"minecraft:oak_fence_gate":2,"minecraft:wooden_axe":124,"soul_like_armors_reworked:dagger":37,"minecraft:lantern":1,"biomesoplenty:redwood_wood":1,"iceandfire:copper_axe":1,"farmersdelight:cutting_board":2,"minecraft:furnace":1,"iceandfire:armor_copper_metal_helmet":1,"minecraft:egg":1,"minecraft:wheat_seeds":218,"biomesoplenty:redwood_fence_gate":5,"minecraft:stone_pickaxe":557,"minecraft:wooden_pickaxe":64,"minecraft:crafting_table":9,"ironchest:copper_chest":1,"minecraft:white_bed":1,"iceandfire:armor_copper_metal_chestplate":1,"minecraft:bread":30,"minecraft:stone_axe":387,"minecraft:wooden_sword":21,"minecraft:cobblestone":79,"minecraft:white_banner":1,"spore:rooted_biomass":5,"biomesoplenty:redwood_stairs":7,"minecraft:iron_shovel":2},"minecraft:killed_by":{"spore:volatile":1,"spore:inquisitor":1,"minecraft:skeleton":1,"minecraft:zombie":2,"iceandfire:ghost":1,"guardvillagers:guard":1},"minecraft:broken":{"minecraft:wooden_pickaxe":1,"minecraft:stone_pickaxe":4,"minecraft:stone_axe":2,"minecraft:wooden_axe":2},"minecraft:picked_up":{"minecraft:allium":2,"spore:mutated_heart":1,"minecraft:crafting_table":6,"minecraft:wheat":265,"minecraft:azure_bluet":5,"minecraft:redstone_block":1,"minecraft:chicken":1,"biomesoplenty:stripped_redwood_wood":1,"minecraft:stone_brick_wall":2,"gravestone:obituary":2,"minecraft:shield":1,"farmersdelight:cutting_board":1,"spore:innards":1,"minecraft:raw_copper":96,"minecraft:beetroot":3,"iceandfire:graveyard_soil":7,"spore:rooted_mycelium":13,"minecraft:rose_bush":3,"minecraft:wooden_shovel":1,"minecraft:poppy":1,"minecraft:iron_pickaxe":1,"biomesoplenty:redwood_wood":178,"minecraft:furnace":2,"minecraft:egg":3,"iceandfire:ghost_chest":1,"minecraft:stick":334,"minecraft:raw_iron":16,"minecraft:oak_fence":5,"minecraft:torch":51,"minecraft:porkchop":2,"minecraft:stone_button":9,"minecraft:carrot":129,"biomesoplenty:redwood_planks":64,"soul_like_armors_reworked:estusflask":4,"minecraft:stone_sword":1,"minecraft:arrow":6,"minecraft:rotten_flesh":19,"minecraft:beetroot_seeds":8,"biomesoplenty:redwood_fence":12,"minecraft:peony":14,"farmersdelight:onion":1,"minecraft:shears":1,"minecraft:hay_block":3,"minecraft:mutton":2,"minecraft:skeleton_skull":1,"minecraft:white_wool":20,"minecraft:cobblestone":483,"biomesoplenty:lavender":6,"minecraft:birch_log":2,"minecraft:feather":1,"spore:rooted_biomass":30,"minecraft:brown_wool":4,"minecraft:potato":33,"biomesoplenty:redwood_door":1,"minecraft:flint":1,"minecraft:oak_log":33,"minecraft:gunpowder":4,"minecraft:dirt":87,"minecraft:lantern":6,"minecraft:white_banner":2,"minecraft:bone":6,"minecraft:wheat_seeds":589,"minecraft:stone_pickaxe":3,"spore:spine":2,"spore:mutated_fiber":13,"spore:biomass_block":26,"duckling:duck_egg":1,"minecraft:book":60,"minecraft:scaffolding":27,"minecraft:gravel":11,"minecraft:blast_furnace":1,"minecraft:white_bed":1,"minecraft:grass_block":1,"soul_like_armors_reworked:rustysteelmace":1,"minecraft:spider_eye":1,"spore:claw_fragment":2,"biomesoplenty:redwood_stairs":1,"minecraft:stone_axe":2,"minecraft:chainmail_leggings":2,"minecraft:gray_wool":1,"minecraft:bread":7,"minecraft:light_gray_carpet":3,"minecraft:oak_sapling":1,"minecraft:black_wool":2,"minecraft:coal":107,"iceandfire:raw_silver":4,"spore:infested_dirt":10,"minecraft:sunflower":7},"minecraft:crafted":{"minecraft:wooden_sword":1,"minecraft:oak_planks":136,"minecraft:furnace":1,"minecraft:flint_and_steel":1,"iceandfire:armor_copper_metal_helmet":1,"iceandfire:armor_copper_metal_boots":1,"iceandfire:copper_axe":1,"iceandfire:armor_copper_metal_chestplate":1,"minecraft:stone_pickaxe":9,"minecraft:chest":5,"biomesoplenty:redwood_stairs":8,"minecraft:stone_hoe":1,"minecraft:oak_fence":66,"minecraft:wheat":18,"biomesoplenty:redwood_door":3,"minecraft:crafting_table":3,"biomesoplenty:redwood_planks":644,"minecraft:wooden_pickaxe":2,"biomesoplenty:redwood_fence":270,"biomesoplenty:redwood_fence_gate":5,"minecraft:copper_ingot":91,"ironchest:copper_chest":1,"minecraft:birch_planks":8,"minecraft:stone_axe":3,"minecraft:bread":52,"farmersdelight:cutting_board":1,"minecraft:oak_fence_gate":2,"minecraft:shield":1,"minecraft:stick":326,"minecraft:iron_ingot":11,"minecraft:iron_pickaxe":1,"minecraft:wooden_axe":2,"minecraft:stone_sword":1,"minecraft:iron_shovel":1,"minecraft:torch":96,"minecraft:shears":1},"minecraft:killed":{"mca:female_zombie_villager":1,"spore:braiomil":1,"minecraft:spider":1,"minecraft:skeleton":4,"minecraft:chicken":1,"spore:inf_pillager":1,"minecraft:pillager":1,"spore:mound":1,"minecraft:zombie":12,"iceandfire:ghost":2},"minecraft:custom":{"minecraft:interact_with_smithing_table":1,"minecraft:mob_kills":29,"minecraft:animals_bred":1,"minecraft:interact_with_crafting_table":76,"minecraft:bell_ring":1,"minecraft:leave_game":6,"minecraft:time_since_death":114949,"minecraft:climb_one_cm":3183,"minecraft:sprint_one_cm":554388,"minecraft:walk_one_cm":2394308,"minecraft:damage_blocked_by_shield":120,"minecraft:drop":124,"minecraft:play_time":435752,"minecraft:deaths":7,"minecraft:sneak_time":835,"minecraft:walk_under_water_one_cm":8709,"minecraft:jump":4667,"minecraft:walk_on_water_one_cm":20698,"minecraft:total_world_time":435752,"minecraft:interact_with_furnace":14,"minecraft:interact_with_loom":1,"minecraft:sleep_in_bed":31,"minecraft:time_since_rest":6261,"minecraft:damage_taken":3381,"minecraft:trigger_trapped_chest":3,"minecraft:damage_dealt":5714,"minecraft:swim_one_cm":11880,"minecraft:fly_one_cm":486101,"minecraft:open_chest":88,"minecraft:crouch_one_cm":818,"minecraft:fall_one_cm":72318},"minecraft:dropped":{"minecraft:stone_hoe":1,"minecraft:bread":17,"minecraft:wheat_seeds":17,"biomesoplenty:lavender":4,"minecraft:stone_button":9,"minecraft:torch":64,"minecraft:rose_bush":1,"biomesoplenty:redwood_stairs":2,"gravestone:obituary":7,"minecraft:gravel":2,"minecraft:stone_axe":1,"minecraft:rotten_flesh":2,"biomesoplenty:redwood_planks":64,"iceandfire:copper_axe":1,"minecraft:allium":1,"minecraft:stone_brick_wall":1,"minecraft:wooden_shovel":1,"minecraft:stone_pickaxe":3,"minecraft:wooden_pickaxe":1},"minecraft:mined":{"spore:fungal_roots":3,"spore:wall_growths":17,"spore:wall_growths_big":32,"minecraft:white_bed":1,"iceandfire:graveyard_soil":7,"iceandfire:silver_ore":4,"gravestone:gravestone":5,"biomesoplenty:bush":31,"minecraft:stone_brick_wall":1,"minecraft:grass_block":9,"spore:fungal_stem":34,"spore:rooted_biomass":30,"spore:growths_small":38,"spore:infested_dirt":25,"spore:rotten_planks":26,"spore:mycelium_veins":8,"minecraft:hay_block":3,"farmersdelight:wild_onions":1,"minecraft:furnace":2,"minecraft:carrots":29,"spore:rotten_log":54,"spore:blomfung":25,"minecraft:iron_ore":16,"biomesoplenty:lavender":1,"biomesoplenty:redwood_stairs":1,"spore:organite":1,"spore:growth_mycelium":39,"minecraft:azure_bluet":6,"minecraft:peony":22,"biomesoplenty:redwood_door":1,"spore:rotten_stair":34,"minecraft:bookshelf":25,"minecraft:potatoes":8,"minecraft:vine":1,"minecraft:lantern":3,"minecraft:white_banner":1,"minecraft:stone":458,"minecraft:scaffolding":18,"minecraft:redstone_block":1,"minecraft:glass_pane":1,"diagonalfences:biomesoplenty/redwood_fence":12,"minecraft:powder_snow":11,"spore:growths_big":18,"minecraft:oak_fence":1,"minecraft:crafting_table":6,"minecraft:torch":1,"diagonalfences:minecraft/oak_fence":4,"minecraft:blast_furnace":1,"iceandfire:ghost_chest":1,"minecraft:rose_bush":1,"minecraft:campfire":1,"minecraft:cobblestone":3,"minecraft:tall_grass":22,"minecraft:copper_ore":25,"spore:biomass_block":26,"biomesoplenty:huge_clover_petal":12,"minecraft:wall_torch":6,"spore:fungal_stem_sapling":5,"minecraft:skeleton_skull":1,"minecraft:coarse_dirt":5,"spore:bloomfung2":58,"minecraft:birch_log":2,"minecraft:wheat":220,"minecraft:lilac":2,"spore:fungal_stem_top":5,"minecraft:grass":90,"biomesoplenty:clover":7,"minecraft:coal_ore":97,"minecraft:oak_log":32,"minecraft:beetroots":3,"biomesoplenty:redwood_leaves":2,"minecraft:sand":2,"minecraft:dirt":34,"minecraft:sunflower":6,"minecraft:gravel":5,"biomesoplenty:stripped_redwood_wood":1,"spore:rooted_mycelium":14,"biomesoplenty:redwood_wood":180,"minecraft:oak_leaves":49,"minecraft:fern":2}},"DataVersion":3465}