{"stats":{"minecraft:used":{"minecraft:flint_and_steel":52,"biomesoplenty:redwood_planks":15,"minecraft:chest":4,"minecraft:shield":8,"minecraft:wooden_shovel":82,"soul_like_armors_reworked:estusflask":2,"minecraft:stone_hoe":24,"minecraft:torch":71,"iceandfire:armor_copper_metal_boots":1,"minecraft:dirt":76,"biomesoplenty:redwood_fence":282,"minecraft:carrot":59,"minecraft:oak_fence_gate":2,"minecraft:wooden_axe":124,"soul_like_armors_reworked:dagger":37,"biomesoplenty:redwood_wood":1,"minecraft:lantern":1,"iceandfire:copper_axe":1,"minecraft:iron_boots":1,"farmersdelight:cutting_board":2,"minecraft:furnace":1,"iceandfire:armor_copper_metal_helmet":1,"minecraft:egg":2,"minecraft:wheat_seeds":307,"biomesoplenty:redwood_fence_gate":5,"minecraft:stone_pickaxe":584,"minecraft:wooden_pickaxe":64,"minecraft:crafting_table":9,"ironchest:copper_chest":1,"minecraft:white_bed":1,"minecraft:shears":1,"iceandfire:armor_copper_metal_chestplate":1,"minecraft:bread":44,"minecraft:stone_axe":496,"minecraft:wooden_sword":21,"minecraft:cobblestone":117,"minecraft:white_banner":1,"spore:rooted_biomass":5,"minecraft:iron_shovel":155,"biomesoplenty:redwood_stairs":7,"minecraft:coarse_dirt":15,"minecraft:stone_sword":92,"biomesoplenty:redwood_door":4,"minecraft:oak_fence":71},"minecraft:killed_by":{"spore:volatile":1,"spore:inf_human":2,"spore:inquisitor":7,"spore:inf_villager":2,"minecraft:skeleton":1,"minecraft:zombie":3,"iceandfire:ghost":1,"guardvillagers:guard":1},"minecraft:broken":{"minecraft:wooden_pickaxe":1,"minecraft:stone_pickaxe":4,"minecraft:stone_axe":2,"minecraft:wooden_axe":2,"iceandfire:armor_copper_metal_helmet":1},"minecraft:picked_up":{"minecraft:crafting_table":6,"spore:mutated_heart":1,"minecraft:coarse_dirt":21,"minecraft:wheat":419,"minecraft:allium":2,"minecraft:azure_bluet":5,"minecraft:redstone_block":1,"minecraft:chicken":1,"minecraft:ladder":31,"spore:infested_dirt":10,"biomesoplenty:stripped_redwood_wood":1,"minecraft:stone_brick_wall":4,"minecraft:wither_rose":6,"gravestone:obituary":9,"minecraft:shield":1,"farmersdelight:cutting_board":1,"spore:innards":1,"minecraft:raw_copper":96,"minecraft:armor_stand":1,"spore:infested_cobblestone":2,"minecraft:item_frame":1,"minecraft:beetroot":3,"iceandfire:graveyard_soil":12,"minecraft:beef":2,"spore:rooted_mycelium":13,"minecraft:rose_bush":3,"minecraft:wooden_shovel":1,"minecraft:poppy":1,"minecraft:iron_pickaxe":1,"biomesoplenty:redwood_wood":178,"minecraft:furnace":2,"minecraft:egg":5,"minecraft:stick":414,"minecraft:raw_iron":16,"iceandfire:ghost_chest":1,"minecraft:oak_fence":6,"minecraft:torch":51,"minecraft:porkchop":2,"minecraft:stone_button":9,"minecraft:carrot":129,"soul_like_armors_reworked:estusflask":4,"biomesoplenty:redwood_planks":64,"minecraft:stone_sword":3,"minecraft:arrow":14,"minecraft:rotten_flesh":19,"biomesoplenty:redwood_fence":12,"minecraft:beetroot_seeds":8,"minecraft:peony":14,"farmersdelight:onion":1,"minecraft:shears":1,"minecraft:hay_block":15,"minecraft:mutton":2,"minecraft:skeleton_skull":2,"minecraft:white_wool":20,"minecraft:cobblestone":545,"biomesoplenty:lavender":6,"minecraft:birch_log":2,"minecraft:leather_chestplate":1,"minecraft:feather":1,"spore:rooted_biomass":80,"spore:infested_stone":39,"minecraft:brown_wool":4,"minecraft:leather":3,"minecraft:potato":33,"ironchest:copper_chest":1,"biomesoplenty:redwood_door":1,"minecraft:flint":1,"minecraft:oak_log":33,"minecraft:gunpowder":4,"minecraft:dirt":218,"minecraft:lantern":6,"minecraft:white_banner":2,"minecraft:leather_boots":1,"minecraft:bone":8,"minecraft:stone_bricks":6,"minecraft:wheat_seeds":1022,"minecraft:stone_pickaxe":3,"minecraft:cobweb":1,"spore:spine":2,"spore:mutated_fiber":21,"spore:biomass_block":26,"duckling:duck_egg":3,"minecraft:book":61,"minecraft:scaffolding":27,"minecraft:gravel":11,"minecraft:leather_helmet":1,"minecraft:blast_furnace":1,"minecraft:white_bed":2,"minecraft:grass_block":1,"soul_like_armors_reworked:rustysteelmace":1,"minecraft:spider_eye":1,"spore:claw_fragment":2,"biomesoplenty:redwood_stairs":1,"minecraft:stone_axe":3,"minecraft:chainmail_leggings":2,"minecraft:leather_leggings":2,"minecraft:gray_wool":1,"minecraft:bread":7,"minecraft:oak_sapling":1,"minecraft:light_gray_carpet":9,"minecraft:black_wool":2,"minecraft:coal":107,"iceandfire:raw_silver":4,"minecraft:sunflower":7},"minecraft:crafted":{"minecraft:wooden_sword":1,"minecraft:oak_planks":136,"minecraft:furnace":1,"iceandfire:armor_copper_metal_leggings":1,"minecraft:flint_and_steel":1,"iceandfire:armor_copper_metal_boots":2,"iceandfire:armor_copper_metal_helmet":2,"iceandfire:copper_axe":1,"minecraft:stone_pickaxe":9,"iceandfire:armor_copper_metal_chestplate":2,"minecraft:chest":5,"biomesoplenty:redwood_stairs":8,"minecraft:stone_hoe":1,"minecraft:oak_fence":66,"minecraft:wheat":18,"iceandfire:silver_ingot":4,"biomesoplenty:redwood_door":3,"minecraft:crafting_table":3,"biomesoplenty:redwood_planks":644,"minecraft:wooden_pickaxe":2,"biomesoplenty:redwood_fence":270,"biomesoplenty:redwood_fence_gate":5,"minecraft:copper_ingot":91,"ironchest:copper_chest":1,"minecraft:birch_planks":8,"minecraft:stone_axe":4,"minecraft:bread":86,"farmersdelight:cutting_board":1,"minecraft:oak_fence_gate":2,"minecraft:shield":1,"minecraft:stick":326,"minecraft:iron_ingot":16,"shieldexp:wooden_shield":1,"minecraft:iron_pickaxe":1,"minecraft:wooden_axe":2,"minecraft:stone_sword":1,"minecraft:iron_shovel":1,"minecraft:torch":96,"minecraft:shears":1},"minecraft:killed":{"mca:female_zombie_villager":1,"spore:braiomil":1,"minecraft:spider":1,"minecraft:skeleton":5,"minecraft:chicken":1,"spore:inf_pillager":1,"minecraft:pillager":1,"spore:mound":3,"minecraft:zombie":13,"spore:inf_human":1,"iceandfire:ghost":3,"minecraft:cow":1},"minecraft:custom":{"minecraft:interact_with_smithing_table":1,"minecraft:mob_kills":36,"minecraft:animals_bred":1,"minecraft:interact_with_crafting_table":98,"minecraft:open_barrel":1,"minecraft:bell_ring":1,"minecraft:leave_game":7,"minecraft:time_since_death":29541,"minecraft:climb_one_cm":6299,"minecraft:sprint_one_cm":704922,"minecraft:walk_one_cm":2935687,"minecraft:damage_blocked_by_shield":180,"minecraft:drop":226,"minecraft:play_time":552052,"minecraft:deaths":18,"minecraft:sneak_time":1481,"minecraft:walk_under_water_one_cm":10508,"minecraft:boat_one_cm":42033,"minecraft:jump":5776,"minecraft:walk_on_water_one_cm":22120,"minecraft:total_world_time":552052,"minecraft:interact_with_furnace":20,"minecraft:interact_with_loom":1,"minecraft:sleep_in_bed":37,"minecraft:time_since_rest":15136,"minecraft:damage_taken":7697,"minecraft:trigger_trapped_chest":3,"minecraft:damage_dealt":7950,"minecraft:swim_one_cm":13951,"minecraft:fly_one_cm":646290,"minecraft:open_chest":119,"minecraft:crouch_one_cm":1733,"minecraft:fall_one_cm":95152},"minecraft:dropped":{"minecraft:stone_hoe":1,"minecraft:bread":18,"minecraft:wheat_seeds":286,"biomesoplenty:lavender":4,"iceandfire:armor_copper_metal_chestplate":1,"spore:rooted_biomass":25,"minecraft:item_frame":1,"minecraft:stick":1,"minecraft:dirt":65,"spore:infested_cobblestone":2,"minecraft:stone_button":9,"minecraft:torch":67,"minecraft:rose_bush":1,"spore:infested_stone":26,"iceandfire:armor_copper_metal_boots":1,"minecraft:wither_rose":2,"shieldexp:wooden_shield":1,"biomesoplenty:redwood_stairs":2,"gravestone:obituary":19,"duckling:duck_egg":1,"minecraft:bone":1,"minecraft:gravel":2,"minecraft:stone_axe":3,"minecraft:coarse_dirt":3,"minecraft:stone_sword":1,"minecraft:rotten_flesh":3,"biomesoplenty:redwood_planks":64,"minecraft:light_gray_carpet":9,"iceandfire:armor_copper_metal_helmet":1,"iceandfire:copper_axe":1,"minecraft:leather_chestplate":1,"minecraft:allium":1,"minecraft:leather_leggings":1,"minecraft:leather_boots":1,"minecraft:stone_brick_wall":2,"minecraft:wooden_shovel":1,"minecraft:ladder":11,"minecraft:stone_bricks":2,"minecraft:arrow":7,"minecraft:stone_pickaxe":3,"minecraft:wooden_pickaxe":1,"iceandfire:armor_copper_metal_leggings":1},"minecraft:mined":{"spore:fungal_roots":4,"spore:wall_growths_big":91,"minecraft:white_bed":2,"iceandfire:graveyard_soil":15,"iceandfire:silver_ore":4,"spore:wall_growths":43,"spore:infested_cobblestone":2,"minecraft:ladder":2,"gravestone:gravestone":14,"biomesoplenty:bush":31,"minecraft:stone_brick_wall":1,"minecraft:grass_block":105,"spore:fungal_stem":38,"spore:rooted_biomass":30,"minecraft:yellow_concrete_powder":3,"ironchest:copper_chest":1,"spore:growths_small":43,"spore:rotten_planks":26,"spore:infested_dirt":25,"minecraft:hay_block":16,"spore:mycelium_veins":17,"farmersdelight:wild_onions":1,"minecraft:carrots":29,"minecraft:furnace":2,"minecraft:iron_ore":16,"spore:blomfung":35,"spore:rotten_log":92,"minecraft:fire":1,"spore:infested_stone":1,"biomesoplenty:lavender":1,"biomesoplenty:redwood_stairs":1,"minecraft:peony":22,"spore:growth_mycelium":49,"biomesoplenty:redwood_door":1,"spore:organite":1,"minecraft:azure_bluet":6,"spore:rotten_stair":34,"minecraft:bookshelf":25,"minecraft:potatoes":8,"minecraft:vine":2,"minecraft:lantern":3,"minecraft:stone":458,"minecraft:white_banner":1,"minecraft:scaffolding":18,"biomesoplenty:redwood_planks":1,"minecraft:redstone_block":1,"minecraft:glass_pane":1,"diagonalfences:biomesoplenty/redwood_fence":12,"minecraft:powder_snow":11,"spore:growths_big":22,"minecraft:oak_fence":2,"minecraft:crafting_table":6,"minecraft:torch":1,"minecraft:blast_furnace":1,"diagonalfences:minecraft/oak_fence":4,"iceandfire:ghost_chest":1,"minecraft:rose_bush":1,"minecraft:campfire":1,"minecraft:copper_ore":25,"minecraft:tall_grass":23,"spore:biomass_block":26,"minecraft:cobblestone":12,"biomesoplenty:huge_clover_petal":12,"minecraft:wall_torch":6,"spore:fungal_stem_sapling":5,"minecraft:skeleton_skull":2,"minecraft:coarse_dirt":23,"spore:bloomfung2":74,"minecraft:birch_log":2,"farmersdelight:cutting_board":1,"minecraft:wheat":392,"minecraft:lilac":2,"spore:fungal_stem_top":7,"minecraft:grass":104,"biomesoplenty:clover":18,"minecraft:coal_ore":97,"minecraft:oak_log":32,"minecraft:beetroots":3,"biomesoplenty:redwood_leaves":2,"minecraft:gravel":5,"minecraft:dirt":44,"minecraft:sunflower":6,"minecraft:sand":2,"spore:hanging_fungal_stem":16,"biomesoplenty:stripped_redwood_wood":1,"minecraft:cobweb":1,"minecraft:stone_bricks":2,"spore:rooted_mycelium":14,"biomesoplenty:redwood_wood":180,"minecraft:oak_leaves":52,"minecraft:fern":4}},"DataVersion":3465}