{"stats":{"minecraft:killed":{"spore:braiomil":1,"spore:inf_pillager":1,"minecraft:zombie":3,"minecraft:chicken":1},"minecraft:picked_up":{"biomesoplenty:lavender":6,"minecraft:birch_log":2,"minecraft:crafting_table":4,"spore:mutated_heart":1,"minecraft:wheat":70,"minecraft:feather":1,"minecraft:redstone_block":1,"minecraft:chicken":1,"biomesoplenty:stripped_redwood_wood":1,"minecraft:potato":33,"minecraft:oak_log":28,"gravestone:obituary":1,"minecraft:dirt":47,"minecraft:lantern":5,"minecraft:beetroot":3,"minecraft:wheat_seeds":170,"minecraft:rose_bush":3,"spore:mutated_fiber":6,"minecraft:poppy":1,"biomesoplenty:redwood_wood":15,"minecraft:furnace":2,"minecraft:book":60,"minecraft:scaffolding":27,"minecraft:oak_fence":4,"minecraft:blast_furnace":1,"minecraft:white_bed":1,"minecraft:carrot":103,"soul_like_armors_reworked:estusflask":2,"spore:claw_fragment":2,"minecraft:rotten_flesh":4,"minecraft:beetroot_seeds":8,"minecraft:peony":14,"minecraft:chainmail_leggings":1,"minecraft:hay_block":1,"minecraft:coal":37,"minecraft:cobblestone":24,"minecraft:sunflower":7},"minecraft:mined":{"minecraft:redstone_block":1,"minecraft:scaffolding":18,"minecraft:white_bed":1,"minecraft:powder_snow":11,"minecraft:crafting_table":4,"diagonalfences:minecraft/oak_fence":4,"biomesoplenty:bush":12,"minecraft:blast_furnace":1,"minecraft:grass_block":7,"minecraft:rose_bush":1,"minecraft:campfire":1,"minecraft:tall_grass":14,"minecraft:hay_block":1,"minecraft:furnace":2,"minecraft:carrots":29,"minecraft:birch_log":2,"minecraft:wheat":77,"biomesoplenty:lavender":1,"minecraft:lilac":2,"minecraft:azure_bluet":1,"minecraft:peony":22,"minecraft:bookshelf":25,"minecraft:oak_log":27,"minecraft:grass":45,"minecraft:potatoes":8,"minecraft:coal_ore":38,"minecraft:beetroots":3,"minecraft:lantern":3,"minecraft:sunflower":6,"minecraft:dirt":28,"biomesoplenty:stripped_redwood_wood":1,"minecraft:stone":24,"biomesoplenty:redwood_wood":15,"minecraft:oak_leaves":13},"minecraft:crafted":{"minecraft:wooden_sword":1,"minecraft:oak_planks":116,"minecraft:crafting_table":1,"biomesoplenty:redwood_planks":60,"minecraft:wooden_pickaxe":2,"biomesoplenty:redwood_fence":3,"minecraft:bread":15,"minecraft:oak_fence_gate":2,"minecraft:stick":66,"minecraft:stone_pickaxe":1,"minecraft:wooden_axe":2,"minecraft:stone_sword":1,"minecraft:chest":1,"minecraft:oak_fence":33,"minecraft:wheat":9},"minecraft:custom":{"minecraft:mob_kills":6,"minecraft:interact_with_crafting_table":13,"minecraft:leave_game":6,"minecraft:time_since_death":140179,"minecraft:sleep_in_bed":9,"minecraft:climb_one_cm":2474,"minecraft:time_since_rest":7964,"minecraft:sprint_one_cm":106150,"minecraft:damage_taken":729,"minecraft:walk_one_cm":804389,"minecraft:drop":8,"minecraft:damage_dealt":1110,"minecraft:fly_one_cm":67048,"minecraft:open_chest":22,"minecraft:crouch_one_cm":807,"minecraft:play_time":148615,"minecraft:deaths":1,"minecraft:sneak_time":529,"minecraft:walk_under_water_one_cm":58,"minecraft:jump":1513,"minecraft:walk_on_water_one_cm":3767,"minecraft:total_world_time":148615,"minecraft:fall_one_cm":24602},"minecraft:broken":{"minecraft:wooden_axe":1,"minecraft:wooden_pickaxe":1},"minecraft:dropped":{"minecraft:wheat_seeds":1,"biomesoplenty:lavender":4,"minecraft:rotten_flesh":2,"minecraft:rose_bush":1,"gravestone:obituary":2,"minecraft:wooden_pickaxe":1},"minecraft:used":{"minecraft:oak_fence":36,"minecraft:wheat_seeds":74,"minecraft:stone_sword":16,"minecraft:stone_pickaxe":8,"minecraft:chest":1,"minecraft:wooden_pickaxe":64,"soul_like_armors_reworked:estusflask":1,"minecraft:dirt":33,"minecraft:crafting_table":3,"biomesoplenty:redwood_fence":1,"minecraft:white_bed":1,"minecraft:wooden_axe":63,"soul_like_armors_reworked:dagger":6,"minecraft:bread":12,"minecraft:wooden_sword":21},"minecraft:killed_by":{"spore:volatile":1}},"DataVersion":3465}