{"stats":{"minecraft:killed":{"spore:braiomil":1,"spore:inf_pillager":1,"minecraft:zombie":3,"minecraft:chicken":1},"minecraft:picked_up":{"biomesoplenty:lavender":6,"minecraft:birch_log":2,"minecraft:crafting_table":4,"spore:mutated_heart":1,"minecraft:wheat":60,"minecraft:feather":1,"minecraft:chicken":1,"minecraft:potato":28,"minecraft:oak_log":28,"gravestone:obituary":1,"minecraft:dirt":47,"minecraft:lantern":3,"minecraft:beetroot":3,"minecraft:wheat_seeds":168,"minecraft:rose_bush":3,"spore:mutated_fiber":6,"minecraft:poppy":1,"minecraft:furnace":2,"minecraft:scaffolding":22,"minecraft:blast_furnace":1,"minecraft:white_bed":1,"minecraft:carrot":93,"soul_like_armors_reworked:estusflask":2,"spore:claw_fragment":2,"minecraft:rotten_flesh":4,"minecraft:beetroot_seeds":8,"minecraft:peony":14,"minecraft:chainmail_leggings":1,"minecraft:hay_block":1,"minecraft:coal":37,"minecraft:cobblestone":24,"minecraft:sunflower":7},"minecraft:mined":{"minecraft:scaffolding":16,"minecraft:white_bed":1,"minecraft:crafting_table":4,"biomesoplenty:bush":1,"minecraft:blast_furnace":1,"minecraft:grass_block":7,"minecraft:campfire":1,"minecraft:tall_grass":5,"minecraft:hay_block":1,"minecraft:furnace":2,"minecraft:carrots":27,"minecraft:birch_log":2,"minecraft:wheat":66,"biomesoplenty:lavender":1,"minecraft:lilac":2,"minecraft:peony":22,"minecraft:oak_log":27,"minecraft:grass":4,"minecraft:potatoes":7,"minecraft:coal_ore":38,"minecraft:beetroots":3,"minecraft:lantern":3,"minecraft:sunflower":6,"minecraft:dirt":28,"minecraft:stone":24,"minecraft:oak_leaves":8},"minecraft:crafted":{"minecraft:wooden_sword":1,"minecraft:oak_planks":72,"minecraft:crafting_table":1,"minecraft:wooden_pickaxe":2,"minecraft:bread":15,"minecraft:stick":12,"minecraft:stone_pickaxe":1,"minecraft:wooden_axe":1,"minecraft:stone_sword":1,"minecraft:chest":1,"minecraft:wheat":9},"minecraft:custom":{"minecraft:mob_kills":6,"minecraft:interact_with_crafting_table":9,"minecraft:leave_game":6,"minecraft:time_since_death":104179,"minecraft:sleep_in_bed":6,"minecraft:climb_one_cm":2474,"minecraft:time_since_rest":11087,"minecraft:sprint_one_cm":22539,"minecraft:damage_taken":520,"minecraft:walk_one_cm":559911,"minecraft:drop":4,"minecraft:damage_dealt":892,"minecraft:fly_one_cm":11971,"minecraft:open_chest":17,"minecraft:crouch_one_cm":587,"minecraft:play_time":112615,"minecraft:deaths":1,"minecraft:sneak_time":504,"minecraft:jump":1183,"minecraft:walk_on_water_one_cm":512,"minecraft:total_world_time":112615,"minecraft:fall_one_cm":18576},"minecraft:broken":{"minecraft:wooden_pickaxe":1},"minecraft:dropped":{"minecraft:wheat_seeds":1,"gravestone:obituary":2,"minecraft:wooden_pickaxe":1},"minecraft:used":{"minecraft:wheat_seeds":74,"minecraft:stone_sword":11,"minecraft:stone_pickaxe":6,"minecraft:chest":1,"minecraft:wooden_pickaxe":64,"soul_like_armors_reworked:estusflask":1,"minecraft:dirt":33,"minecraft:crafting_table":2,"minecraft:wooden_axe":18,"soul_like_armors_reworked:dagger":6,"minecraft:bread":6,"minecraft:wooden_sword":21},"minecraft:killed_by":{"spore:volatile":1}},"DataVersion":3465}