{"stats":{"minecraft:killed":{"minecraft:zombie":3,"minecraft:chicken":1,"spore:braiomil":1},"minecraft:picked_up":{"biomesoplenty:lavender":3,"minecraft:birch_log":2,"minecraft:chicken":1,"spore:mutated_heart":1,"minecraft:wheat":37,"minecraft:feather":1,"minecraft:oak_log":21,"gravestone:obituary":1,"minecraft:dirt":19,"soul_like_armors_reworked:estusflask":2,"spore:claw_fragment":2,"minecraft:rotten_flesh":4,"minecraft:wheat_seeds":101,"minecraft:peony":13,"minecraft:hay_block":1,"minecraft:rose_bush":3,"spore:mutated_fiber":6,"minecraft:coal":37,"minecraft:cobblestone":24,"minecraft:sunflower":2},"minecraft:crafted":{"minecraft:wooden_sword":1,"minecraft:oak_planks":72,"minecraft:crafting_table":1,"minecraft:stick":12,"minecraft:stone_sword":1,"minecraft:wooden_pickaxe":2,"minecraft:wooden_axe":1,"minecraft:chest":1,"minecraft:bread":15,"minecraft:wheat":9},"minecraft:mined":{"minecraft:hay_block":1,"minecraft:birch_log":2,"minecraft:wheat":37,"minecraft:lilac":2,"minecraft:coal_ore":38,"minecraft:peony":21,"biomesoplenty:bush":1,"minecraft:grass":2,"minecraft:grass_block":5,"minecraft:oak_log":20,"minecraft:sunflower":1,"minecraft:dirt":2,"minecraft:tall_grass":3,"minecraft:stone":24,"minecraft:oak_leaves":8},"minecraft:custom":{"minecraft:time_since_rest":407,"minecraft:sprint_one_cm":20782,"minecraft:damage_taken":460,"minecraft:walk_one_cm":419814,"minecraft:mob_kills":5,"minecraft:drop":4,"minecraft:damage_dealt":749,"minecraft:interact_with_crafting_table":8,"minecraft:fly_one_cm":10411,"minecraft:open_chest":13,"minecraft:crouch_one_cm":225,"minecraft:play_time":88615,"minecraft:deaths":1,"minecraft:sneak_time":52,"minecraft:jump":867,"minecraft:leave_game":6,"minecraft:walk_on_water_one_cm":467,"minecraft:time_since_death":80179,"minecraft:sleep_in_bed":5,"minecraft:total_world_time":88615,"minecraft:climb_one_cm":2096,"minecraft:fall_one_cm":13320},"minecraft:broken":{"minecraft:wooden_pickaxe":1},"minecraft:dropped":{"minecraft:wheat_seeds":1,"gravestone:obituary":2,"minecraft:wooden_pickaxe":1},"minecraft:used":{"minecraft:wooden_axe":4,"minecraft:wheat_seeds":36,"soul_like_armors_reworked:dagger":6,"minecraft:stone_sword":1,"minecraft:bread":3,"minecraft:chest":1,"minecraft:wooden_pickaxe":64,"soul_like_armors_reworked:estusflask":1,"minecraft:wooden_sword":21,"minecraft:dirt":1,"minecraft:crafting_table":1},"minecraft:killed_by":{"spore:volatile":1}},"DataVersion":3465}