{"stats":{"minecraft:used":{"minecraft:wheat_seeds":164,"minecraft:oak_fence":71,"minecraft:stone_sword":92,"biomesoplenty:redwood_fence_gate":5,"minecraft:stone_pickaxe":122,"minecraft:chest":2,"minecraft:wooden_pickaxe":64,"soul_like_armors_reworked:estusflask":1,"minecraft:torch":28,"minecraft:dirt":36,"minecraft:crafting_table":8,"biomesoplenty:redwood_fence":282,"minecraft:carrot":19,"minecraft:white_bed":1,"minecraft:oak_fence_gate":2,"minecraft:wooden_axe":124,"soul_like_armors_reworked:dagger":37,"minecraft:bread":16,"biomesoplenty:redwood_wood":1,"minecraft:cobblestone":1,"minecraft:stone_axe":87,"minecraft:wooden_sword":21,"minecraft:white_banner":1,"minecraft:egg":1},"minecraft:killed_by":{"spore:volatile":1,"minecraft:skeleton":1,"minecraft:zombie":2,"guardvillagers:guard":1},"minecraft:broken":{"minecraft:wooden_axe":2,"minecraft:wooden_pickaxe":1},"minecraft:picked_up":{"biomesoplenty:lavender":6,"minecraft:birch_log":2,"minecraft:crafting_table":6,"spore:mutated_heart":1,"minecraft:wheat":199,"minecraft:azure_bluet":5,"minecraft:feather":1,"minecraft:redstone_block":1,"minecraft:chicken":1,"biomesoplenty:stripped_redwood_wood":1,"minecraft:potato":33,"minecraft:oak_log":29,"gravestone:obituary":1,"minecraft:raw_copper":5,"minecraft:dirt":68,"minecraft:lantern":5,"minecraft:white_banner":2,"minecraft:bone":6,"minecraft:beetroot":3,"minecraft:wheat_seeds":441,"minecraft:rose_bush":3,"spore:mutated_fiber":6,"minecraft:poppy":1,"biomesoplenty:redwood_wood":129,"minecraft:egg":1,"minecraft:furnace":2,"minecraft:book":60,"minecraft:scaffolding":27,"minecraft:stick":2,"minecraft:oak_fence":5,"minecraft:torch":34,"minecraft:gravel":2,"minecraft:porkchop":2,"minecraft:grass_block":1,"minecraft:blast_furnace":1,"minecraft:white_bed":1,"minecraft:carrot":103,"soul_like_armors_reworked:rustysteelmace":1,"soul_like_armors_reworked:estusflask":4,"spore:claw_fragment":2,"minecraft:arrow":6,"minecraft:rotten_flesh":18,"biomesoplenty:redwood_fence":12,"minecraft:beetroot_seeds":8,"minecraft:peony":14,"minecraft:chainmail_leggings":1,"minecraft:hay_block":2,"minecraft:mutton":2,"minecraft:oak_sapling":1,"minecraft:coal":45,"minecraft:cobblestone":136,"minecraft:sunflower":7},"minecraft:crafted":{"minecraft:wooden_sword":1,"minecraft:oak_planks":116,"minecraft:crafting_table":2,"biomesoplenty:redwood_planks":512,"minecraft:wooden_pickaxe":2,"biomesoplenty:redwood_fence":270,"biomesoplenty:redwood_fence_gate":5,"minecraft:birch_planks":8,"minecraft:stone_axe":1,"minecraft:bread":42,"minecraft:oak_fence_gate":2,"minecraft:stick":290,"minecraft:stone_pickaxe":6,"minecraft:wooden_axe":2,"minecraft:stone_sword":1,"minecraft:chest":2,"minecraft:torch":64,"minecraft:oak_fence":66,"minecraft:wheat":18},"minecraft:killed":{"spore:braiomil":1,"spore:inf_pillager":1,"minecraft:skeleton":4,"minecraft:pillager":1,"minecraft:zombie":12,"minecraft:chicken":1,"mca:female_zombie_villager":1},"minecraft:custom":{"minecraft:interact_with_smithing_table":1,"minecraft:mob_kills":24,"minecraft:animals_bred":1,"minecraft:interact_with_crafting_table":38,"minecraft:interact_with_loom":1,"minecraft:bell_ring":1,"minecraft:leave_game":6,"minecraft:time_since_death":18931,"minecraft:sleep_in_bed":18,"minecraft:climb_one_cm":2474,"minecraft:time_since_rest":3077,"minecraft:sprint_one_cm":303713,"minecraft:damage_taken":2156,"minecraft:walk_one_cm":1488982,"minecraft:drop":97,"minecraft:damage_dealt":4320,"minecraft:play_time":261752,"minecraft:fly_one_cm":276684,"minecraft:crouch_one_cm":807,"minecraft:open_chest":39,"minecraft:deaths":5,"minecraft:sneak_time":529,"minecraft:walk_under_water_one_cm":58,"minecraft:jump":2711,"minecraft:walk_on_water_one_cm":6276,"minecraft:total_world_time":261752,"minecraft:fall_one_cm":45167},"minecraft:dropped":{"minecraft:bread":17,"minecraft:wheat_seeds":1,"biomesoplenty:lavender":4,"minecraft:rotten_flesh":2,"minecraft:torch":64,"minecraft:rose_bush":1,"minecraft:stone_pickaxe":3,"gravestone:obituary":5,"minecraft:wooden_pickaxe":1,"minecraft:gravel":2},"minecraft:mined":{"minecraft:scaffolding":18,"minecraft:white_bed":1,"minecraft:redstone_block":1,"diagonalfences:biomesoplenty/redwood_fence":12,"gravestone:gravestone":4,"minecraft:powder_snow":11,"minecraft:oak_fence":1,"minecraft:blast_furnace":1,"minecraft:crafting_table":6,"biomesoplenty:bush":14,"diagonalfences:minecraft/oak_fence":4,"minecraft:grass_block":8,"minecraft:rose_bush":1,"minecraft:campfire":1,"minecraft:copper_ore":1,"minecraft:tall_grass":16,"biomesoplenty:huge_clover_petal":12,"minecraft:wall_torch":1,"minecraft:hay_block":2,"minecraft:carrots":29,"minecraft:furnace":2,"minecraft:birch_log":2,"minecraft:wheat":164,"minecraft:lilac":2,"biomesoplenty:lavender":1,"minecraft:peony":22,"minecraft:azure_bluet":6,"minecraft:bookshelf":25,"minecraft:grass":68,"biomesoplenty:clover":7,"minecraft:potatoes":8,"minecraft:oak_log":28,"minecraft:coal_ore":46,"minecraft:beetroots":3,"biomesoplenty:redwood_leaves":2,"minecraft:lantern":3,"minecraft:sunflower":6,"minecraft:gravel":1,"minecraft:dirt":28,"biomesoplenty:stripped_redwood_wood":1,"minecraft:stone":129,"minecraft:white_banner":1,"biomesoplenty:redwood_wood":130,"minecraft:oak_leaves":38,"minecraft:fern":1}},"DataVersion":3465}