{"stats":{"minecraft:killed":{"minecraft:zombie":3},"minecraft:picked_up":{"minecraft:birch_log":2,"soul_like_armors_reworked:estusflask":2,"spore:mutated_heart":1,"minecraft:rotten_flesh":2,"minecraft:peony":8,"minecraft:wheat_seeds":2,"minecraft:oak_log":16,"gravestone:obituary":1,"spore:mutated_fiber":4,"minecraft:dirt":2,"minecraft:sunflower":2},"minecraft:mined":{"minecraft:grass_block":1,"minecraft:oak_log":16,"minecraft:sunflower":1,"minecraft:dirt":1,"minecraft:birch_log":2,"minecraft:tall_grass":1,"minecraft:oak_leaves":8,"minecraft:peony":15},"minecraft:custom":{"minecraft:time_since_rest":4013,"minecraft:damage_taken":350,"minecraft:crouch_one_cm":48,"minecraft:play_time":28615,"minecraft:sprint_one_cm":2879,"minecraft:walk_one_cm":109522,"minecraft:deaths":1,"minecraft:sneak_time":16,"minecraft:mob_kills":3,"minecraft:drop":3,"minecraft:jump":306,"minecraft:damage_dealt":334,"minecraft:leave_game":6,"minecraft:time_since_death":20179,"minecraft:sleep_in_bed":1,"minecraft:total_world_time":28615,"minecraft:fly_one_cm":2574,"minecraft:fall_one_cm":6243,"minecraft:open_chest":1},"minecraft:dropped":{"gravestone:obituary":2,"minecraft:wheat_seeds":1},"minecraft:used":{"soul_like_armors_reworked:dagger":6,"soul_like_armors_reworked:estusflask":1},"minecraft:killed_by":{"spore:volatile":1}},"DataVersion":3465}