{"stats":{"minecraft:used":{"minecraft:oak_fence":71,"minecraft:stone_sword":92,"biomesoplenty:redwood_door":4,"minecraft:chest":4,"minecraft:shield":7,"minecraft:wooden_shovel":7,"soul_like_armors_reworked:estusflask":1,"minecraft:stone_hoe":24,"minecraft:torch":68,"iceandfire:armor_copper_metal_boots":1,"minecraft:dirt":71,"biomesoplenty:redwood_fence":282,"minecraft:carrot":55,"minecraft:oak_fence_gate":2,"minecraft:wooden_axe":124,"soul_like_armors_reworked:dagger":37,"biomesoplenty:redwood_wood":1,"minecraft:furnace":1,"iceandfire:armor_copper_metal_helmet":1,"minecraft:egg":1,"minecraft:wheat_seeds":218,"biomesoplenty:redwood_fence_gate":5,"minecraft:stone_pickaxe":546,"minecraft:wooden_pickaxe":64,"minecraft:crafting_table":8,"ironchest:copper_chest":1,"minecraft:white_bed":1,"iceandfire:armor_copper_metal_chestplate":1,"minecraft:bread":20,"minecraft:stone_axe":224,"minecraft:wooden_sword":21,"minecraft:cobblestone":18,"minecraft:white_banner":1},"minecraft:killed_by":{"spore:volatile":1,"spore:inquisitor":1,"minecraft:skeleton":1,"minecraft:zombie":2,"iceandfire:ghost":1,"guardvillagers:guard":1},"minecraft:broken":{"minecraft:wooden_pickaxe":1,"minecraft:stone_pickaxe":4,"minecraft:stone_axe":1,"minecraft:wooden_axe":2},"minecraft:picked_up":{"minecraft:allium":2,"spore:mutated_heart":1,"minecraft:crafting_table":6,"minecraft:wheat":265,"minecraft:azure_bluet":5,"minecraft:redstone_block":1,"minecraft:chicken":1,"biomesoplenty:stripped_redwood_wood":1,"gravestone:obituary":1,"minecraft:shield":1,"minecraft:raw_copper":96,"minecraft:beetroot":3,"iceandfire:graveyard_soil":7,"spore:rooted_mycelium":5,"minecraft:rose_bush":3,"minecraft:wooden_shovel":1,"minecraft:poppy":1,"minecraft:iron_pickaxe":1,"biomesoplenty:redwood_wood":178,"minecraft:furnace":2,"minecraft:egg":3,"iceandfire:ghost_chest":1,"minecraft:stick":16,"minecraft:raw_iron":16,"minecraft:oak_fence":5,"minecraft:torch":51,"minecraft:porkchop":2,"minecraft:carrot":129,"biomesoplenty:redwood_planks":64,"soul_like_armors_reworked:estusflask":4,"minecraft:stone_sword":1,"minecraft:arrow":6,"minecraft:rotten_flesh":19,"minecraft:beetroot_seeds":8,"biomesoplenty:redwood_fence":12,"minecraft:peony":14,"farmersdelight:onion":1,"minecraft:shears":1,"minecraft:hay_block":3,"minecraft:mutton":2,"minecraft:skeleton_skull":1,"minecraft:white_wool":20,"minecraft:cobblestone":480,"biomesoplenty:lavender":6,"minecraft:birch_log":2,"minecraft:feather":1,"spore:rooted_biomass":5,"minecraft:brown_wool":4,"minecraft:potato":33,"biomesoplenty:redwood_door":1,"minecraft:oak_log":33,"minecraft:gunpowder":4,"minecraft:dirt":86,"minecraft:lantern":5,"minecraft:white_banner":2,"minecraft:bone":6,"minecraft:wheat_seeds":589,"minecraft:stone_pickaxe":3,"spore:mutated_fiber":12,"spore:biomass_block":5,"minecraft:book":60,"minecraft:scaffolding":27,"minecraft:gravel":7,"minecraft:blast_furnace":1,"minecraft:white_bed":1,"minecraft:grass_block":1,"soul_like_armors_reworked:rustysteelmace":1,"minecraft:spider_eye":1,"spore:claw_fragment":2,"minecraft:stone_axe":2,"minecraft:chainmail_leggings":2,"minecraft:gray_wool":1,"minecraft:bread":7,"minecraft:oak_sapling":1,"minecraft:black_wool":2,"minecraft:coal":107,"iceandfire:raw_silver":4,"minecraft:sunflower":7},"minecraft:crafted":{"minecraft:wooden_sword":1,"minecraft:oak_planks":136,"minecraft:furnace":1,"iceandfire:armor_copper_metal_helmet":1,"iceandfire:armor_copper_metal_boots":1,"iceandfire:armor_copper_metal_chestplate":1,"minecraft:stone_pickaxe":9,"minecraft:chest":5,"minecraft:stone_hoe":1,"minecraft:oak_fence":66,"minecraft:wheat":18,"biomesoplenty:redwood_door":3,"minecraft:crafting_table":2,"biomesoplenty:redwood_planks":644,"minecraft:wooden_pickaxe":2,"biomesoplenty:redwood_fence":270,"biomesoplenty:redwood_fence_gate":5,"minecraft:copper_ingot":91,"ironchest:copper_chest":1,"minecraft:birch_planks":8,"minecraft:stone_axe":2,"minecraft:bread":52,"minecraft:oak_fence_gate":2,"minecraft:shield":1,"minecraft:stick":322,"minecraft:iron_ingot":11,"minecraft:iron_pickaxe":1,"minecraft:wooden_axe":2,"minecraft:stone_sword":1,"minecraft:torch":96,"minecraft:shears":1},"minecraft:killed":{"mca:female_zombie_villager":1,"spore:braiomil":1,"minecraft:spider":1,"minecraft:skeleton":4,"minecraft:chicken":1,"spore:inf_pillager":1,"minecraft:pillager":1,"spore:mound":1,"minecraft:zombie":12,"iceandfire:ghost":2},"minecraft:custom":{"minecraft:interact_with_smithing_table":1,"minecraft:mob_kills":29,"minecraft:animals_bred":1,"minecraft:interact_with_crafting_table":63,"minecraft:bell_ring":1,"minecraft:leave_game":6,"minecraft:time_since_death":60949,"minecraft:climb_one_cm":3183,"minecraft:sprint_one_cm":415330,"minecraft:walk_one_cm":2173671,"minecraft:damage_blocked_by_shield":120,"minecraft:drop":119,"minecraft:play_time":381752,"minecraft:deaths":7,"minecraft:sneak_time":621,"minecraft:walk_under_water_one_cm":935,"minecraft:jump":4051,"minecraft:walk_on_water_one_cm":12458,"minecraft:total_world_time":381752,"minecraft:interact_with_furnace":13,"minecraft:interact_with_loom":1,"minecraft:sleep_in_bed":27,"minecraft:time_since_rest":4794,"minecraft:damage_taken":3121,"minecraft:trigger_trapped_chest":3,"minecraft:damage_dealt":5691,"minecraft:fly_one_cm":392749,"minecraft:open_chest":82,"minecraft:crouch_one_cm":818,"minecraft:fall_one_cm":59942},"minecraft:dropped":{"minecraft:stone_hoe":1,"minecraft:bread":17,"minecraft:wheat_seeds":17,"biomesoplenty:lavender":4,"minecraft:torch":64,"minecraft:rose_bush":1,"gravestone:obituary":7,"minecraft:gravel":2,"minecraft:stone_axe":1,"minecraft:rotten_flesh":2,"biomesoplenty:redwood_planks":64,"minecraft:allium":1,"minecraft:stone_pickaxe":3,"minecraft:wooden_pickaxe":1},"minecraft:mined":{"spore:fungal_roots":2,"spore:wall_growths":6,"spore:wall_growths_big":20,"minecraft:white_bed":1,"iceandfire:graveyard_soil":7,"iceandfire:silver_ore":4,"gravestone:gravestone":5,"biomesoplenty:bush":28,"minecraft:grass_block":9,"spore:fungal_stem":26,"spore:rooted_biomass":10,"spore:growths_small":20,"spore:mycelium_veins":1,"minecraft:hay_block":3,"farmersdelight:wild_onions":1,"minecraft:furnace":2,"minecraft:carrots":29,"spore:blomfung":21,"minecraft:iron_ore":16,"biomesoplenty:lavender":1,"spore:growth_mycelium":26,"minecraft:azure_bluet":6,"minecraft:peony":22,"biomesoplenty:redwood_door":1,"minecraft:bookshelf":25,"minecraft:potatoes":8,"minecraft:vine":1,"minecraft:lantern":3,"minecraft:white_banner":1,"minecraft:stone":458,"minecraft:scaffolding":18,"minecraft:redstone_block":1,"diagonalfences:biomesoplenty/redwood_fence":12,"minecraft:powder_snow":11,"spore:growths_big":13,"minecraft:oak_fence":1,"minecraft:crafting_table":6,"minecraft:torch":1,"diagonalfences:minecraft/oak_fence":4,"minecraft:blast_furnace":1,"iceandfire:ghost_chest":1,"minecraft:rose_bush":1,"minecraft:campfire":1,"minecraft:tall_grass":21,"minecraft:copper_ore":25,"spore:biomass_block":6,"biomesoplenty:huge_clover_petal":12,"minecraft:wall_torch":6,"spore:fungal_stem_sapling":1,"minecraft:skeleton_skull":1,"spore:bloomfung2":44,"minecraft:birch_log":2,"minecraft:wheat":220,"minecraft:lilac":2,"spore:fungal_stem_top":4,"minecraft:grass":88,"biomesoplenty:clover":7,"minecraft:coal_ore":97,"minecraft:oak_log":32,"minecraft:beetroots":3,"biomesoplenty:redwood_leaves":2,"minecraft:dirt":30,"minecraft:sunflower":6,"minecraft:gravel":1,"biomesoplenty:stripped_redwood_wood":1,"spore:rooted_mycelium":5,"biomesoplenty:redwood_wood":180,"minecraft:oak_leaves":38,"minecraft:fern":2}},"DataVersion":3465}