{"stats":{"minecraft:killed":{"minecraft:zombie":3,"spore:braiomil":1},"minecraft:picked_up":{"biomesoplenty:lavender":3,"minecraft:birch_log":2,"spore:mutated_heart":1,"minecraft:wheat":6,"minecraft:oak_log":18,"gravestone:obituary":1,"minecraft:dirt":15,"soul_like_armors_reworked:estusflask":2,"spore:claw_fragment":2,"minecraft:rotten_flesh":4,"minecraft:wheat_seeds":15,"minecraft:peony":12,"minecraft:rose_bush":3,"spore:mutated_fiber":6,"minecraft:sunflower":2},"minecraft:mined":{"minecraft:birch_log":2,"minecraft:wheat":6,"minecraft:lilac":2,"minecraft:peony":21,"minecraft:grass_block":1,"minecraft:oak_log":16,"minecraft:sunflower":1,"minecraft:dirt":2,"minecraft:tall_grass":2,"minecraft:oak_leaves":8},"minecraft:crafted":{"minecraft:wooden_sword":1,"minecraft:oak_planks":64,"minecraft:crafting_table":1,"minecraft:stick":8,"minecraft:wooden_pickaxe":1,"minecraft:wooden_axe":1,"minecraft:chest":1,"minecraft:bread":2},"minecraft:custom":{"minecraft:time_since_rest":4167,"minecraft:sprint_one_cm":5681,"minecraft:damage_taken":460,"minecraft:walk_one_cm":309764,"minecraft:mob_kills":4,"minecraft:drop":3,"minecraft:damage_dealt":709,"minecraft:interact_with_crafting_table":3,"minecraft:fly_one_cm":3440,"minecraft:open_chest":5,"minecraft:crouch_one_cm":119,"minecraft:play_time":64615,"minecraft:deaths":1,"minecraft:sneak_time":41,"minecraft:jump":639,"minecraft:leave_game":6,"minecraft:walk_on_water_one_cm":326,"minecraft:time_since_death":56179,"minecraft:sleep_in_bed":3,"minecraft:total_world_time":64615,"minecraft:climb_one_cm":1758,"minecraft:fall_one_cm":11470},"minecraft:dropped":{"minecraft:wheat_seeds":1,"gravestone:obituary":2},"minecraft:used":{"minecraft:wheat_seeds":6,"soul_like_armors_reworked:dagger":6,"minecraft:bread":2,"minecraft:chest":1,"soul_like_armors_reworked:estusflask":1,"minecraft:wooden_sword":21,"minecraft:dirt":1,"minecraft:crafting_table":1},"minecraft:killed_by":{"spore:volatile":1}},"DataVersion":3465}