{"stats":{"minecraft:used":{"soul_like_armors_reworked:dagger":6,"soul_like_armors_reworked:estusflask":1},"minecraft:killed_by":{"spore:volatile":1},"minecraft:picked_up":{"minecraft:birch_log":2,"soul_like_armors_reworked:estusflask":2,"minecraft:rotten_flesh":2,"minecraft:oak_log":16,"gravestone:obituary":1,"minecraft:dirt":1},"minecraft:killed":{"minecraft:zombie":1},"minecraft:custom":{"minecraft:time_since_rest":5915,"minecraft:crouch_one_cm":35,"minecraft:sprint_one_cm":6,"minecraft:damage_taken":260,"minecraft:play_time":14186,"minecraft:deaths":1,"minecraft:walk_one_cm":27172,"minecraft:sneak_time":11,"minecraft:mob_kills":1,"minecraft:drop":2,"minecraft:jump":135,"minecraft:damage_dealt":198,"minecraft:leave_game":5,"minecraft:time_since_death":5750,"minecraft:total_world_time":14186,"minecraft:fall_one_cm":2152,"minecraft:fly_one_cm":454},"minecraft:dropped":{"gravestone:obituary":2},"minecraft:mined":{"minecraft:oak_log":16,"minecraft:dirt":1,"minecraft:birch_log":2,"minecraft:oak_leaves":7}},"DataVersion":3465}