{"stats":{"minecraft:dropped":{"gravestone:obituary":2},"minecraft:killed":{"minecraft:zombie":3},"minecraft:used":{"soul_like_armors_reworked:dagger":6,"soul_like_armors_reworked:estusflask":1},"minecraft:killed_by":{"spore:volatile":1},"minecraft:picked_up":{"minecraft:birch_log":2,"spore:mutated_heart":1,"soul_like_armors_reworked:estusflask":2,"minecraft:rotten_flesh":2,"minecraft:oak_log":16,"spore:mutated_fiber":4,"gravestone:obituary":1,"minecraft:dirt":1},"minecraft:mined":{"minecraft:oak_log":16,"minecraft:dirt":1,"minecraft:birch_log":2,"minecraft:oak_leaves":7},"minecraft:custom":{"minecraft:time_since_rest":11205,"minecraft:crouch_one_cm":48,"minecraft:damage_taken":340,"minecraft:sprint_one_cm":1685,"minecraft:play_time":19476,"minecraft:deaths":1,"minecraft:walk_one_cm":62201,"minecraft:sneak_time":16,"minecraft:mob_kills":3,"minecraft:drop":2,"minecraft:jump":224,"minecraft:damage_dealt":334,"minecraft:leave_game":5,"minecraft:time_since_death":11040,"minecraft:total_world_time":19476,"minecraft:fall_one_cm":5281,"minecraft:fly_one_cm":2385}},"DataVersion":3465}