{"stats":{"minecraft:picked_up":{"biomesoplenty:fir_log":4,"projectvibrantjourneys:rocks":2,"projectvibrantjourneys:twigs":1},"minecraft:used":{"projectvibrantjourneys:rocks":2,"projectvibrantjourneys:twigs":1},"minecraft:mined":{"minecraft:grass":1,"biomesoplenty:fir_log":4},"minecraft:crafted":{"biomesoplenty:fir_planks":4,"minecraft:crafting_table":1},"minecraft:custom":{"minecraft:jump":11,"minecraft:time_since_rest":5171,"minecraft:leave_game":1,"minecraft:crouch_one_cm":305,"minecraft:sprint_one_cm":2731,"minecraft:play_time":5171,"minecraft:damage_taken":20,"minecraft:time_since_death":5171,"minecraft:walk_one_cm":23964,"minecraft:sneak_time":26,"minecraft:total_world_time":5171,"minecraft:fall_one_cm":484,"minecraft:fly_one_cm":726}},"DataVersion":3465}