{"stats":{"minecraft:used":{"minecraft:oak_fence":71,"minecraft:stone_sword":92,"biomesoplenty:redwood_door":4,"minecraft:chest":4,"soul_like_armors_reworked:estusflask":1,"minecraft:stone_hoe":24,"minecraft:torch":47,"minecraft:dirt":63,"biomesoplenty:redwood_fence":282,"minecraft:carrot":25,"minecraft:oak_fence_gate":2,"minecraft:wooden_axe":124,"soul_like_armors_reworked:dagger":37,"biomesoplenty:redwood_wood":1,"minecraft:furnace":1,"minecraft:egg":1,"minecraft:wheat_seeds":172,"biomesoplenty:redwood_fence_gate":5,"minecraft:stone_pickaxe":462,"minecraft:wooden_pickaxe":64,"minecraft:crafting_table":8,"minecraft:white_bed":1,"minecraft:bread":18,"minecraft:stone_axe":129,"minecraft:wooden_sword":21,"minecraft:cobblestone":7,"minecraft:white_banner":1},"minecraft:killed_by":{"spore:volatile":1,"minecraft:skeleton":1,"minecraft:zombie":2,"guardvillagers:guard":1},"minecraft:broken":{"minecraft:wooden_pickaxe":1,"minecraft:stone_pickaxe":3,"minecraft:stone_axe":1,"minecraft:wooden_axe":2},"minecraft:picked_up":{"spore:mutated_heart":1,"minecraft:crafting_table":6,"minecraft:wheat":209,"minecraft:azure_bluet":5,"minecraft:redstone_block":1,"minecraft:chicken":1,"biomesoplenty:stripped_redwood_wood":1,"gravestone:obituary":1,"minecraft:raw_copper":28,"minecraft:beetroot":3,"minecraft:rose_bush":3,"minecraft:poppy":1,"biomesoplenty:redwood_wood":162,"minecraft:furnace":2,"minecraft:egg":1,"minecraft:stick":2,"minecraft:raw_iron":11,"minecraft:oak_fence":5,"minecraft:torch":37,"minecraft:porkchop":2,"minecraft:carrot":103,"soul_like_armors_reworked:estusflask":4,"minecraft:arrow":6,"minecraft:rotten_flesh":18,"minecraft:beetroot_seeds":8,"biomesoplenty:redwood_fence":12,"minecraft:peony":14,"minecraft:hay_block":2,"minecraft:mutton":2,"minecraft:white_wool":12,"minecraft:cobblestone":408,"biomesoplenty:lavender":6,"minecraft:birch_log":2,"minecraft:feather":1,"minecraft:potato":33,"biomesoplenty:redwood_door":1,"minecraft:oak_log":33,"minecraft:gunpowder":2,"minecraft:dirt":70,"minecraft:lantern":5,"minecraft:white_banner":2,"minecraft:bone":6,"minecraft:wheat_seeds":465,"spore:mutated_fiber":6,"minecraft:book":60,"minecraft:scaffolding":27,"minecraft:gravel":2,"minecraft:blast_furnace":1,"minecraft:white_bed":1,"minecraft:grass_block":1,"soul_like_armors_reworked:rustysteelmace":1,"spore:claw_fragment":2,"minecraft:chainmail_leggings":1,"minecraft:gray_wool":1,"minecraft:oak_sapling":1,"minecraft:coal":77,"iceandfire:raw_silver":4,"minecraft:sunflower":7},"minecraft:crafted":{"minecraft:wooden_sword":1,"minecraft:oak_planks":136,"minecraft:furnace":1,"minecraft:stone_pickaxe":9,"minecraft:chest":4,"minecraft:stone_hoe":1,"minecraft:oak_fence":66,"minecraft:wheat":18,"biomesoplenty:redwood_door":3,"minecraft:crafting_table":2,"biomesoplenty:redwood_planks":644,"minecraft:wooden_pickaxe":2,"biomesoplenty:redwood_fence":270,"biomesoplenty:redwood_fence_gate":5,"minecraft:birch_planks":8,"minecraft:stone_axe":2,"minecraft:bread":42,"minecraft:oak_fence_gate":2,"minecraft:shield":1,"minecraft:stick":322,"minecraft:iron_ingot":11,"minecraft:iron_pickaxe":1,"minecraft:wooden_axe":2,"minecraft:stone_sword":1,"minecraft:torch":84,"minecraft:shears":1},"minecraft:killed":{"mca:female_zombie_villager":1,"spore:braiomil":1,"minecraft:skeleton":4,"minecraft:chicken":1,"spore:inf_pillager":1,"minecraft:pillager":1,"minecraft:zombie":12},"minecraft:custom":{"minecraft:interact_with_smithing_table":1,"minecraft:mob_kills":25,"minecraft:animals_bred":1,"minecraft:interact_with_crafting_table":51,"minecraft:bell_ring":1,"minecraft:leave_game":6,"minecraft:time_since_death":66931,"minecraft:climb_one_cm":2474,"minecraft:sprint_one_cm":334502,"minecraft:walk_one_cm":1754859,"minecraft:drop":115,"minecraft:play_time":309752,"minecraft:deaths":5,"minecraft:sneak_time":530,"minecraft:walk_under_water_one_cm":781,"minecraft:jump":3165,"minecraft:walk_on_water_one_cm":10023,"minecraft:total_world_time":309752,"minecraft:interact_with_furnace":4,"minecraft:interact_with_loom":1,"minecraft:sleep_in_bed":21,"minecraft:time_since_rest":11290,"minecraft:damage_taken":2156,"minecraft:damage_dealt":4476,"minecraft:fly_one_cm":302874,"minecraft:open_chest":52,"minecraft:crouch_one_cm":818,"minecraft:fall_one_cm":47168},"minecraft:dropped":{"minecraft:stone_hoe":1,"minecraft:bread":17,"minecraft:wheat_seeds":17,"biomesoplenty:lavender":4,"minecraft:torch":64,"minecraft:rose_bush":1,"gravestone:obituary":5,"minecraft:gravel":2,"minecraft:rotten_flesh":2,"biomesoplenty:redwood_planks":64,"minecraft:stone_pickaxe":3,"minecraft:wooden_pickaxe":1},"minecraft:mined":{"minecraft:white_bed":1,"iceandfire:silver_ore":4,"gravestone:gravestone":4,"biomesoplenty:bush":14,"minecraft:grass_block":9,"minecraft:hay_block":2,"minecraft:furnace":2,"minecraft:carrots":29,"minecraft:iron_ore":11,"biomesoplenty:lavender":1,"minecraft:azure_bluet":6,"minecraft:peony":22,"biomesoplenty:redwood_door":1,"minecraft:bookshelf":25,"minecraft:potatoes":8,"minecraft:lantern":3,"minecraft:white_banner":1,"minecraft:stone":416,"minecraft:scaffolding":18,"minecraft:redstone_block":1,"diagonalfences:biomesoplenty/redwood_fence":12,"minecraft:powder_snow":11,"minecraft:oak_fence":1,"minecraft:crafting_table":6,"diagonalfences:minecraft/oak_fence":4,"minecraft:blast_furnace":1,"minecraft:rose_bush":1,"minecraft:campfire":1,"minecraft:tall_grass":16,"minecraft:copper_ore":7,"biomesoplenty:huge_clover_petal":12,"minecraft:wall_torch":3,"minecraft:birch_log":2,"minecraft:wheat":174,"minecraft:lilac":2,"minecraft:grass":69,"biomesoplenty:clover":7,"minecraft:coal_ore":78,"minecraft:oak_log":32,"minecraft:beetroots":3,"biomesoplenty:redwood_leaves":2,"minecraft:dirt":29,"minecraft:sunflower":6,"minecraft:gravel":1,"biomesoplenty:stripped_redwood_wood":1,"biomesoplenty:redwood_wood":164,"minecraft:oak_leaves":38,"minecraft:fern":2}},"DataVersion":3465}