{"stats":{"minecraft:picked_up":{"soul_like_armors_reworked:estusflask":2,"biomesoplenty:fir_log":4,"swem:alfalfa_seeds":1,"projectvibrantjourneys:rocks":2,"projectvibrantjourneys:twigs":1},"minecraft:mined":{"minecraft:grass":2,"minecraft:powder_snow":11,"biomesoplenty:fir_log":4},"minecraft:used":{"projectvibrantjourneys:rocks":2,"soul_like_armors_reworked:dagger":8,"farmersdelight:onion":1,"projectvibrantjourneys:twigs":1},"minecraft:killed":{"mca:female_zombie_villager":1},"minecraft:crafted":{"biomesoplenty:fir_planks":4,"minecraft:crafting_table":1},"minecraft:custom":{"minecraft:open_chest":1,"minecraft:time_since_rest":3222,"minecraft:crouch_one_cm":396,"minecraft:play_time":11948,"minecraft:sprint_one_cm":5364,"minecraft:walk_one_cm":60106,"minecraft:damage_taken":150,"minecraft:sneak_time":36,"minecraft:mob_kills":1,"minecraft:jump":36,"minecraft:damage_dealt":199,"minecraft:leave_game":3,"minecraft:time_since_death":11948,"minecraft:sleep_in_bed":1,"minecraft:total_world_time":11948,"minecraft:fall_one_cm":906,"minecraft:fly_one_cm":990}},"DataVersion":3465}