{"stats":{"minecraft:killed":{"minecraft:zombie":3},"minecraft:picked_up":{"biomesoplenty:lavender":2,"minecraft:birch_log":2,"spore:mutated_heart":1,"minecraft:oak_log":16,"gravestone:obituary":1,"minecraft:dirt":3,"soul_like_armors_reworked:estusflask":2,"minecraft:rotten_flesh":4,"minecraft:wheat_seeds":2,"minecraft:peony":8,"minecraft:rose_bush":3,"spore:mutated_fiber":4,"minecraft:sunflower":2},"minecraft:mined":{"minecraft:birch_log":2,"minecraft:peony":15,"minecraft:grass_block":1,"minecraft:oak_log":16,"minecraft:sunflower":1,"minecraft:dirt":2,"minecraft:tall_grass":1,"minecraft:oak_leaves":8},"minecraft:crafted":{"minecraft:wooden_sword":1,"minecraft:oak_planks":64,"minecraft:crafting_table":1,"minecraft:stick":8,"minecraft:wooden_pickaxe":1,"minecraft:wooden_axe":1,"minecraft:chest":1},"minecraft:custom":{"minecraft:time_since_rest":17233,"minecraft:sprint_one_cm":3730,"minecraft:damage_taken":370,"minecraft:walk_one_cm":218517,"minecraft:mob_kills":3,"minecraft:drop":3,"minecraft:damage_dealt":334,"minecraft:interact_with_crafting_table":2,"minecraft:fly_one_cm":2750,"minecraft:open_chest":5,"minecraft:crouch_one_cm":48,"minecraft:play_time":52615,"minecraft:deaths":1,"minecraft:sneak_time":33,"minecraft:jump":451,"minecraft:leave_game":6,"minecraft:walk_on_water_one_cm":299,"minecraft:time_since_death":44179,"minecraft:sleep_in_bed":2,"minecraft:total_world_time":52615,"minecraft:climb_one_cm":1758,"minecraft:fall_one_cm":8360},"minecraft:dropped":{"minecraft:wheat_seeds":1,"gravestone:obituary":2},"minecraft:used":{"soul_like_armors_reworked:dagger":6,"minecraft:chest":1,"soul_like_armors_reworked:estusflask":1,"minecraft:dirt":1,"minecraft:crafting_table":1},"minecraft:killed_by":{"spore:volatile":1}},"DataVersion":3465}