{"stats":{"minecraft:killed":{"minecraft:zombie":3,"minecraft:chicken":1,"spore:braiomil":1},"minecraft:picked_up":{"biomesoplenty:lavender":3,"minecraft:birch_log":2,"minecraft:chicken":1,"spore:mutated_heart":1,"minecraft:wheat":37,"minecraft:feather":1,"minecraft:oak_log":18,"gravestone:obituary":1,"minecraft:dirt":15,"soul_like_armors_reworked:estusflask":2,"spore:claw_fragment":2,"minecraft:rotten_flesh":4,"minecraft:wheat_seeds":101,"minecraft:peony":13,"minecraft:rose_bush":3,"spore:mutated_fiber":6,"minecraft:coal":11,"minecraft:cobblestone":4,"minecraft:sunflower":2},"minecraft:mined":{"minecraft:birch_log":2,"minecraft:wheat":37,"minecraft:lilac":2,"minecraft:coal_ore":12,"minecraft:peony":21,"biomesoplenty:bush":1,"minecraft:grass":2,"minecraft:grass_block":1,"minecraft:oak_log":16,"minecraft:sunflower":1,"minecraft:dirt":2,"minecraft:tall_grass":3,"minecraft:stone":4,"minecraft:oak_leaves":8},"minecraft:crafted":{"minecraft:wooden_sword":1,"minecraft:oak_planks":72,"minecraft:crafting_table":1,"minecraft:stick":12,"minecraft:stone_sword":1,"minecraft:wooden_pickaxe":2,"minecraft:wooden_axe":1,"minecraft:chest":1,"minecraft:bread":12},"minecraft:custom":{"minecraft:time_since_rest":3441,"minecraft:sprint_one_cm":14177,"minecraft:damage_taken":460,"minecraft:walk_one_cm":380342,"minecraft:mob_kills":5,"minecraft:drop":4,"minecraft:damage_dealt":749,"minecraft:interact_with_crafting_table":7,"minecraft:fly_one_cm":7417,"minecraft:open_chest":11,"minecraft:crouch_one_cm":225,"minecraft:play_time":76615,"minecraft:deaths":1,"minecraft:sneak_time":52,"minecraft:jump":788,"minecraft:leave_game":6,"minecraft:walk_on_water_one_cm":326,"minecraft:time_since_death":68179,"minecraft:sleep_in_bed":4,"minecraft:total_world_time":76615,"minecraft:climb_one_cm":1758,"minecraft:fall_one_cm":12902},"minecraft:dropped":{"minecraft:wheat_seeds":1,"gravestone:obituary":2,"minecraft:wooden_pickaxe":1},"minecraft:used":{"minecraft:wheat_seeds":36,"soul_like_armors_reworked:dagger":6,"minecraft:stone_sword":1,"minecraft:bread":3,"minecraft:chest":1,"minecraft:wooden_pickaxe":18,"soul_like_armors_reworked:estusflask":1,"minecraft:wooden_sword":21,"minecraft:dirt":1,"minecraft:crafting_table":1},"minecraft:killed_by":{"spore:volatile":1}},"DataVersion":3465}